"","gene_name","Class","Stage","description","function.","product","essential"
"1","abrB","Sporulation Initiation","Starvation","transcriptional regulator of transition state genes","regulation of gene expression during the transition from growth to stationary phase","transcriptional regulator","no"
"2","aprE",NA,NA,"major extracellular alkaline protease","protein degradation","extracellular alkaline serine protease (subtilisin E)","no"
"3","blyA",NA,NA,"N-acetylmuramoyl-L-alanine amidase","SPß-mediated lysis","N-acetylmuramoyl-L-alanine amidase","no"
"4","cwlA",NA,NA,"N-acetylmuramoyl-L-alanine amidase","minor autolysin","N-acetylmuramoyl-L-alanine amidase","no"
"5","cwlC","Mother Cell Lysis","Mother Cell Lysis","N-acetylmuramoyl-L-alanine amidase","mother cell lysis","N-acetylmuramoyl-L-alanine amidase","no"
"6","cwlH","Mother Cell Lysis","Mother Cell Lysis","N-acetylmuramoyl-L-alanine amidase","cell wall metabolism","N-acetylmuramoyl-L-alanine amidase","no"
"7","endolysin","Unknown Lysis","Lysis",NA,NA,NA,NA
"8","fenA","DNA Protection","Engulfment","magnesium-dependent 5'->3' flap endonuclease, major contributor to the removal of RNA from an Okazaki fragment, protection of developing and dormant spores against UV DNA damage","removal of RNA from Okazaki fragments","5′-3′ flap endonuclease","no"
"9","lexA","DNA Repair","Unknown","transcriptional repressor of the SOS regulon","regulation of DNA damage repair","transcriptional repressor of the SOS regulon","no"
"10","ligD","DNA Repair","Unknown","DNA repair polymerase/ ligase in non-homologous end joining DNA repair","non-homologous end joining DNA repair, repair of gapped DNA substrates","DNA repair polymerase/ ligase","no"
"11","lytD","Unknown Lysis","Lysis","minor autolysin, peptidoglycan N-acetylglucosaminidase","minor autolysin, cell separation","peptidoglycan N-acetylglucosaminidase","no"
"12","mdfA",NA,NA,"metabolic differentiation factor A, sporulation-specific adaptor protein, targets proteins to degradation by [[protein|86A2F2F65290F4471D6FD03B694821C66C180D8A]]-[[protein|CB06A70DE7462CEB7AF5D8C28943C878DD56DE1A]] during sporulation","control of [[protein|86A2F2F65290F4471D6FD03B694821C66C180D8A]]-[[protein|CB06A70DE7462CEB7AF5D8C28943C878DD56DE1A]]-mediated degradation of metabolic enzymes in the forespore","metabolic differentiation factor A, adaptor protein","no"
"13","nlpD",NA,NA,NA,NA,NA,NA
"14","nucB",NA,NA,"[wiki|sporulation]-specific extracellular nuclease","DNA degradation after mother cell lysis","[wiki|sporulation]-specific extracellular nuclease","no"
"15","parA","Partitioning","Commitment","ATPase, centromere-like function involved in forespore chromosome partitioning / negative regulation of [[category|SW.4.2]] initiation, regulator of SMC complex dynamics","forespore chromosome partitioning / negative regulation of [[category|SW.4.2]] initiation","negative regulator of [[category|SW.4.2]] initiation","no"
"16","pghL",NA,NA,"phage-derived gamma polyglutamic acid hydrolase, sporulation protein","polyglutamic acid degradation","phage-derived gamma polyglutamic acid hydrolase","no"
"17","phoH","Unknown","Unknown","phosphate starvation-induced protein","unkown","unknown","no"
"18","polA","DNA Repair","Unknown","DNA polymerase I, required for repair of UV- or MMS-induced DNA damage, processing of Okazaki fragments","DNA replication","DNA polymerase I","no"
"19","rapA","Sporulation Initiation","Initiation","response regulator aspartate phosphatase, dephosphorylates [[protein|9896B99346B0D3F6D57F57377DB253B46135A37A]]-P, control of the [wiki|phosphorelay]","control of [wiki|sporulation] initiation","response regulator aspartate phosphatase","no"
"20","rapJ",NA,NA,"response regulator aspartate phosphatase, dephosphorylates [[protein|9896B99346B0D3F6D57F57377DB253B46135A37A]]-P","control of the [wiki|phosphorelay]","response regulator aspartate phosphatase","no"
"21","rapK","Sporulation Initiation","Initiation","response regulator aspartate phosphatase, controls [[protein|7832489F11F606BCF637EC23BAAB41AD10237EBB]] activity","control of [[protein|7832489F11F606BCF637EC23BAAB41AD10237EBB]] activity","response regulator aspartate phosphatase","no"
"22","rsfA","Sigma Regulator","Commitment/Engulfment","probable regulator of transcription of [[protein|CFF318EE6CACDEE763FBF96A2ABB46E944679AAA]]-dependent genes","control of expression of [[protein|CFF318EE6CACDEE763FBF96A2ABB46E944679AAA]]-dependent genes","regulator of [[protein|CFF318EE6CACDEE763FBF96A2ABB46E944679AAA]] activity","no"
"23","sigA",NA,NA,"[wiki|RNA polymerase] major [wiki|sigma factor] SigA","transcription","[wiki|RNA polymerase] major [wiki|sigma factor] SigA","yes"
"24","sigF",NA,NA,"[wiki|RNA polymerase] forespore-specific (early) [wiki|sigma factor] SigF","transcription of [wiki|sporulation] genes (early forespore)","[wiki|RNA polymerase] forespore-specific (early) [wiki|sigma factor] SigF","no"
"25","sigG",NA,NA,"[wiki|RNA polymerase] [wiki|sporulation] forespore-specific (late) [wiki|sigma factor] SigG","transcription of [wiki|sporulation] genes (late forespore)","[wiki|RNA polymerase] [wiki|sporulation] forespore-specific (late) [wiki|sigma factor] SigG","no"
"26","sigH","Sporulation Initiation","Initiation","[wiki|RNA polymerase] [wiki|sigma factor] SigH, not fully active in laboratory strains due to a mutation (V117A)","transcription of early stationary phase genes ([wiki|sporulation], competence)","[wiki|RNA polymerase] [wiki|sigma factor] SigH","no"
"27","spoIIIE","Partitioning","Commitment","ATP-dependent dsDNA translocase, resolution of chromosomal dimers after [wiki|DNA replication], coordinates chromosome segregation and peptidoglycan remodeling during sporulation, transports the forespore chromosome across the [wiki|sporulation] septum","chromosome partition during [wiki|sporulation]","ATP-dependent dsDNA translocase required for chromosome partition","no"
"28","spoIIQ",NA,NA,"component of the [[protein|00BDD4E3370DB3A9F4D75FE265A2A8DF05185CCC]]-[[protein|3282D2C25468776881778006F182FCF322C4821D]] type III secretion system residing in the forespore membrane, required for anchoring of proteins on both sides of the sporulation septum, required for localization and stability of [[protein|7C8DFE00A2B2B30CC8BEB35055D92CC2E4128F3A]]","forespore encasement by the spore coat","part of the transmembrane channel linking the mother cell and the forespore","no"
"29","spoIVCA","Sigma Regulator","Commitment","site-specific DNA recombinase required for creating the [[gene|24F7FD5C7C3A68BB2760ABB8CBD8FBD65E5FF7D4]] gene (excision of the [[category|SW.5.1.3]])","excision of the [[category|SW.5.1.3]], creation of the [[gene|24F7FD5C7C3A68BB2760ABB8CBD8FBD65E5FF7D4]] gene","site-specific DNA recombinase","no"
"30","spoVG","Sporulation Initiation","Initiation","RNA-binding regulatory protein, negative effector of asymetric septation at the onset of sporulation","cell division, control of sporulation initiation","negative effector of asymetric septation","no"
"31","sspB",NA,NA,"small acid-soluble spore protein (major beta-type SASP)","protection of spore DNA","small acid-soluble spore protein (major beta-type SASP)","no"
"32","sspC","DNA Protection","Engulfment","small acid-soluble spore protein (minor alpha/beta-type SASP)","protection of spore DNA","small acid-soluble spore protein (minor alpha/beta-type SASP)","no"
"33","xerD","Partitioning","Unknown","site-specific integrase/recombinase, partitioning of the terminus region after replication, terminus-specific unloader of translocating SMC complexes","chromosome partitioning, unloading of SMC complexes","site-specific integrase/recombinase","no"
"34","ycgL","Unknown","Engulfment","unknown","unknown","unknown","no"
"35","yclG",NA,NA,"unknown","unknown","unknown","no"
"36","yhbB",NA,NA,"spore coat protein, amidase","unknown","amidase","no"
"37","yhbH","Unknown","Commitment","[[protein|3CB24D493B3282278B7DC61CE3C793DFA815F9E2]]-dependent [wiki|sporulation] gene","[[category|SW.4.2]]","unknown","no"
"38","yjbA",NA,NA,NA,NA,NA,NA
"39","ylaK","Unknown","Commitment","similar to phosphate starvation inducible protein [[protein|6BF4F99DEF2E032A8547B920086305775D04FACF]]","unknown","unknown","no"
"40","yoaM",NA,NA,"unknown","unknown","unknown","no"
"41","yqaN",NA,NA,"unknown, skin element","unknown","unknown","no"
"42","yuiC",NA,NA,"stationary phase survival protein, sporulation protein, putative cell wall hydrolase (N-acetylglucosamidase)","unknown","stationary phase survival protein, sporulation protein","no"
"43","ywqJ",NA,NA,"LXG toxin","unknown","LXG toxin","no"
