"","gene_name","type","function..x","sporulation_impact","localization","stage","Class","Stage","id","description","function..y","product","essential","categories","regulon","protein.family","protein.structure","protein.domain","protein.additional_information","rna.id","rna.structure","rna.reaction","rna.additional_information","biological_materials.mutant"
"1","abrB","transcriptional regulator","growth regulation","Repress sporulation","Pre-division","Initiation","Sporulation Initiation","Starvation",41,"transcriptional regulator of transition state genes","regulation of gene expression during the transition from growth to stationary phase","transcriptional regulator","no","Transition state regulators (119),Phosphorylation on a Ser residue (457)","'abrB regulon' (206)","","[PDB|2MJG] (full-length protein) [Pubmed|25308864], [PDB|1Z0R] (N-terminal DNA recognition domain) [Pubmed|16223496], [AF|P08874]","[wiki|SpoVT-AbrB domain] (aa 7-52) (according to UniProt)","Effectors of protein activity: interaction with [[protein|899FF5BEE5D3F01778A0175E293EDBBDEB25717D]] results in inactivation of AbrB [Pubmed|18840696]",NA,"",NA,"","TT731 (aphA3), 1A935 (''abrB''::''cat''), [Pubmed|11886552], available at [http://pasture.asc.ohio-state.edu/BGSC/getdetail.cfm?bgscid=1A935&Search=1A935 BGSC], GP1548 (''abrB''::''ermC''), available in [wiki|Stülke] lab, BKE00370 (<i>Δ[[gene|E5110D9C36E8C55AFD1419987B14A53232165F20]]::erm  trpC2</i>) available at [http://bgsc.org/getdetail.php?bgscid=BKE00370 BGSC],  [Pubmed|28189581], upstream reverse: _UP1_CATTCTCCTCCCAAGAGATA,  downstream forward: _UP4_TAATCATTTCTTGTACAAAA, BKK00370 (<i>Δ[[gene|E5110D9C36E8C55AFD1419987B14A53232165F20]]::kan  trpC2</i>) available at [http://bgsc.org/getdetail.php?bgscid=BKK00370 BGSC],  [Pubmed|28189581], upstream reverse: _UP1_CATTCTCCTCCCAAGAGATA,  downstream forward: _UP4_TAATCATTTCTTGTACAAAA"
"2","aprE","protease","protein degradation","Nutrient scavenging  ","Pre-division","Initiation",NA,NA,1080,"major extracellular alkaline protease","protein degradation","extracellular alkaline serine protease (subtilisin E)","no","Secreted proteins (52),Utilization of proteins (275),Extracellular feeding proteases (363)","","[wiki|peptidase S8 family] (according to UniProt)","[PDB|1SBC] [pubmed|3150541], [PDB|1SCJ] (autoprocessed Ser221Cys-subtilisin E-propeptide complex) [pubmed|9811547], [AF|P04189]","Inhibitor I9 domain (aa 38-109) (according to UniProt), [wiki|Peptidase S8 domain] (aa 111-380) (according to UniProt)","",NA,"",NA,"","KO7 (''nprE  aprE  epr  mpr  nprB  vpr  bpr''), available as BGSC 1A1133, BKE10300 (<i>[[gene|0B98DE9CE2D98FFDE9F6EEB4E94FA1E5204BD48D]]::erm  trpC2</i>) available at [http://bgsc.org/getdetail.php?bgscid=BKE10300 BGSC],  [Pubmed|28189581], upstream reverse: _UP1_CACTCTTTACCCTCTCCTTT,  downstream forward: _UP4_TAATAGTAAAAAGAAGCAGG, BKK10300 (<i>[[gene|0B98DE9CE2D98FFDE9F6EEB4E94FA1E5204BD48D]]::kan  trpC2</i>) available at [http://bgsc.org/getdetail.php?bgscid=BKK10300 BGSC],  [Pubmed|28189581], upstream reverse: _UP1_CACTCTTTACCCTCTCCTTT,  downstream forward: _UP4_TAATAGTAAAAAGAAGCAGG"
"3","blyA","N-acetylmuramoyl-L-alanine amidase","lysin","Lysis","Unknown","Unknown",NA,NA,2267,"N-acetylmuramoyl-L-alanine amidase","SPß-mediated lysis","N-acetylmuramoyl-L-alanine amidase","no","Autolysis (18),Secreted proteins (52),SP-beta prophage (157)","","[wiki|N-acetylmuramoyl-L-alanine amidase 2 family] (according to UniProt)","[AF|O31982]","contains an amidase_2 domain (like [[protein|C9C395A5F6A2C06EAC97F228C5C66D1628C937CF]], [[protein|D5612882F1887BE342EF7072E71502382AB7289F]], [[protein|50D7B97E4D3D41F74EF1942B85DE1DA4A33BEBB0]], [[protein|A8AF827637B7208DFA101C9A2911BF9AB1AED08F]]), 2 [wiki|SH3B domain]s 1 (aa 202-271, aa 298-367) (according to UniProt), [wiki|N-acetylmuramoyl-L-alanine amidase domain] (aa 24-158) (according to UniProt)","",NA,"",NA,"","BKE21410 (<i>Δ[[gene|C1EB8D05386C1B35B8002239F5247CC6AB25F786]]::erm  trpC2</i>) available at [http://bgsc.org/getdetail.php?bgscid=BKE21410 BGSC],  [Pubmed|28189581], upstream reverse: _UP1_CATAAAAACATCTCCTTAAT,  downstream forward: _UP4_TAATTATATTCAATTTTCTC, BKK21410 (<i>Δ[[gene|C1EB8D05386C1B35B8002239F5247CC6AB25F786]]::kan  trpC2</i>) available at [http://bgsc.org/getdetail.php?bgscid=BKK21410 BGSC],  [Pubmed|28189581], upstream reverse: _UP1_CATAAAAACATCTCCTTAAT,  downstream forward: _UP4_TAATTATATTCAATTTTCTC"
"4","cwlA","N-acetylmuramoyl-L-alanine amidase","lysin","Lysis","Unknown","Unknown",NA,NA,2740,"N-acetylmuramoyl-L-alanine amidase","minor autolysin","N-acetylmuramoyl-L-alanine amidase","no","Autolysis (18),Skin element (158)","","[wiki|N-acetylmuramoyl-L-alanine amidase 2 family] (according to UniProt)","[PDB|2L47] (from Bacillus phage Gamma, corresponds to the N-terminal domain, aa 3 ... 150, 61% identity), [AF|P24808]","contains an amidase_2 domain (like [[protein|C1EB8D05386C1B35B8002239F5247CC6AB25F786]], [[protein|D5612882F1887BE342EF7072E71502382AB7289F]], [[protein|50D7B97E4D3D41F74EF1942B85DE1DA4A33BEBB0]], [[protein|A8AF827637B7208DFA101C9A2911BF9AB1AED08F]]), [wiki|N-acetylmuramoyl-L-alanine amidase domain] (aa 24-142) (according to UniProt)","",NA,"",NA,"","BKE25900 (<i>Δ[[gene|C9C395A5F6A2C06EAC97F228C5C66D1628C937CF]]::erm  trpC2</i>) available at [http://bgsc.org/getdetail.php?bgscid=BKE25900 BGSC],  [Pubmed|28189581], upstream reverse: _UP1_CATATACCCTCTCTCCTTCT,  downstream forward: _UP4_TAAATAAATAGTCTCCTTGA, BKK25900 (<i>Δ[[gene|C9C395A5F6A2C06EAC97F228C5C66D1628C937CF]]::kan  trpC2</i>) available at [http://bgsc.org/getdetail.php?bgscid=BKK25900 BGSC],  [Pubmed|28189581], upstream reverse: _UP1_CATATACCCTCTCTCCTTCT,  downstream forward: _UP4_TAAATAAATAGTCTCCTTGA"
"5","cwlC","N-acetylmuramoyl-L-alanine amidase","lysin","Mother cell Lysis","Mother cell","Mother cell Lysis","Mother cell Lysis","Mother cell Lysis",1828,"N-acetylmuramoyl-L-alanine amidase","mother cell lysis","N-acetylmuramoyl-L-alanine amidase","no","Autolysis (18),Sporulation proteins/ other (399)","","[wiki|N-acetylmuramoyl-L-alanine amidase 3 family] (according to UniProt)","[PDB|1X60] (peptidoglycan binding domain) [pubmed|16042392], [AF|Q06320]","contains an amidase_3 domain (like [[protein|B09FB626274B81F00A4FB42D188E089095343182]], [[protein|6A21293823151C6980BF52B31A4B249A8440F2E1]], [[protein|0AD75864794E597AA9160969ADE6FE0C7ED07B9F]], [[protein|BE34A9CE3AF99E8880FC24E34E5D79A1627260AE]]), [wiki|MurNAc-LAA domain] (aa 4-172) (according to UniProt), SPOR domain (aa 180-254) (according to UniProt)","",NA,"",NA,"","BKE17410 (<i>[[gene|5CDF32B0E78F01C696364555E3F0BC8DF2AA2089]]::erm  trpC2</i>) available at [http://bgsc.org/getdetail.php?bgscid=BKE17410 BGSC],  [Pubmed|28189581], upstream reverse: _UP1_CATTTTTCATCACCTCATTA,  downstream forward: _UP4_TAGCCGAGACGGGGACGAGC, BKK17410 (<i>[[gene|5CDF32B0E78F01C696364555E3F0BC8DF2AA2089]]::kan  trpC2</i>) available at [http://bgsc.org/getdetail.php?bgscid=BKK17410 BGSC],  [Pubmed|28189581], upstream reverse: _UP1_CATTTTTCATCACCTCATTA,  downstream forward: _UP4_TAGCCGAGACGGGGACGAGC"
"6","cwlH","N-acetylmuramoyl-L-alanine amidase","lysin","Lysis","Unknown","Unknown","Mother cell Lysis","Mother cell Lysis",2720,"N-acetylmuramoyl-L-alanine amidase","cell wall metabolism","N-acetylmuramoyl-L-alanine amidase","no","Autolysis (18),Secreted proteins (52),Sporulation proteins/ other (399)","","[wiki|N-acetylmuramoyl-L-alanine amidase 2 family] (according to UniProt)","[PDB|3RDR] (N-terminal domain, aa 1 - 150, XlyA, 75% identity) [pubmed|21816821], [PDB|1LBU] (C-terminal peptidoglycan-binding domain, aa 183 - 245, 48% identity), [AF|P54450]","contains an amidase_2 domain (like [[protein|C1EB8D05386C1B35B8002239F5247CC6AB25F786]], [[protein|C9C395A5F6A2C06EAC97F228C5C66D1628C937CF]], [[protein|50D7B97E4D3D41F74EF1942B85DE1DA4A33BEBB0]], [[protein|A8AF827637B7208DFA101C9A2911BF9AB1AED08F]]), [wiki|N-acetylmuramoyl-L-alanine amidase domain] (aa 45-141) (according to UniProt)","",NA,"",NA,"","BKE25710 (<i>Δ[[gene|D5612882F1887BE342EF7072E71502382AB7289F]]::erm  trpC2</i>) available at [http://bgsc.org/getdetail.php?bgscid=BKE25710 BGSC],  [Pubmed|28189581], upstream reverse: _UP1_CATTTCTATCCCTCCCTATT,  downstream forward: _UP4_TAAATGCAGGATTTAACGGA, BKK25710 (<i>Δ[[gene|D5612882F1887BE342EF7072E71502382AB7289F]]::kan  trpC2</i>) available at [http://bgsc.org/getdetail.php?bgscid=BKK25710 BGSC],  [Pubmed|28189581], upstream reverse: _UP1_CATTTCTATCCCTCCCTATT,  downstream forward: _UP4_TAAATGCAGGATTTAACGGA"
"7","cwlJ",NA,NA,NA,NA,NA,NA,NA,267,"spore coat protein, cell wall hydrolase","spore germination, degradation of the spore cortex","spore coat protein, cell wall hydrolase","no","Cell wall/ other (7),Additional germination proteins (408),Class III (442)","","cwlJ family (single member, according to UniProt)","[AF|P42249]","","Effectors of protein activity: activity depends on [[protein|77C3C4ADCBD38EEA99C44850CAEB310C59B6C938]] [pubmed|31871031]",NA,"",NA,"","1G19 ( ''cwlJ''::''tet''), [Pubmed|11466292], available at [http://pasture.asc.ohio-state.edu/BGSC/getdetail.cfm?bgscid=1G19&Search=1G19 BGSC], BKE02600 (<i>[[gene|49ED84B48CEC09493B6056D03D2A57578770CE15]]::erm  trpC2</i>) available at [http://bgsc.org/getdetail.php?bgscid=BKE02600 BGSC],  [Pubmed|28189581], upstream reverse: _UP1_CATCACGTCACCTCCCCTTG,  downstream forward: _UP4_TAGAGACAGGACACCGTTCA, BKK02600 (<i>[[gene|49ED84B48CEC09493B6056D03D2A57578770CE15]]::kan  trpC2</i>) available at [http://bgsc.org/getdetail.php?bgscid=BKK02600 BGSC],  [Pubmed|28189581], upstream reverse: _UP1_CATCACGTCACCTCCCCTTG,  downstream forward: _UP4_TAGAGACAGGACACCGTTCA"
"8","dhhP",NA,NA,NA,NA,NA,NA,NA,NA,NA,NA,NA,NA,NA,NA,NA,NA,NA,NA,NA,NA,NA,NA,NA
"9","dnaX",NA,NA,NA,NA,NA,NA,NA,23,"DNA polymerase  III (gamma and tau subunits) part of the clamp-loader complex and the [wiki|replisome]","[[category|SW.3.1.1]]","DNA polymerase  III (gamma and tau subunits)","yes","Essential genes (49),DNA replication (93)","","DnaX/STICHEL family (single member, according to UniProt)","[PDB|1JR3] (from ''E. coli'', 39% identity) [Pubmed|11525729], [AF|P09122]","","",NA,"",NA,"",""
"10","endoA",NA,NA,NA,NA,NA,NA,NA,NA,NA,NA,NA,NA,NA,NA,NA,NA,NA,NA,NA,NA,NA,NA,NA
"11","endolysin","Unknown","lysin","Lysis","Unknown","Lysis","Unknown Lysis","Lysis",NA,NA,NA,NA,NA,NA,NA,NA,NA,NA,NA,NA,NA,NA,NA,NA
"12","fenA","endonuclease","DNA protection","DNA protection","Forespore","Middle","DNA Protection","Engulfment",2333,"magnesium-dependent 5'->3' flap endonuclease, major contributor to the removal of RNA from an Okazaki fragment, protection of developing and dormant spores against UV DNA damage","removal of RNA from Okazaki fragments","5′-3′ flap endonuclease","no","DNA replication (93),Other proteins (329)","","","[PDB|1BGX] (Taq polymerase, 36% identity) [pubmed|9770525], [AF|P54161]","5'-3' exonuclease domain (aa 175-262) (according to UniProt)","[wiki|Cofactors]: Mg<sup>2+</sup> [pubmed|31251806]",NA,"",NA,"","MGNA-B868 <i>(exoA::erm)</i>, available at the [https://shigen.nig.ac.jp/bsub/resource/strainGeneDisrupted/detail/1867 NBRP B. subtilis, Japan], BKE22010 (<i>Δ[[gene|FCDE5EA6E50A8C72A499E2F1FFB808DC86466A29]]::erm  trpC2</i>) available at [http://bgsc.org/getdetail.php?bgscid=BKE22010 BGSC],  [Pubmed|28189581], upstream reverse: _UP1_CATCAAATAACTCCCTTTTC,  downstream forward: _UP4_GCTAGAGAGATCGTTTAGAT, BKK22010 (<i>Δ[[gene|FCDE5EA6E50A8C72A499E2F1FFB808DC86466A29]]::kan  trpC2</i>) available at [http://bgsc.org/getdetail.php?bgscid=BKK22010 BGSC],  [Pubmed|28189581], upstream reverse: _UP1_CATCAAATAACTCCCTTTTC,  downstream forward: _UP4_GCTAGAGAGATCGTTTAGAT"
"13","floT",NA,NA,NA,NA,NA,NA,NA,3280,"membrane-associated scaffold protein, reduces membrane order, orchestration of physiological processes in lipid microdomains, involved in the control of membrane fluidity, confers (together with [[protein|FFBB9B236B7D532D45FE0593B793E28E051BE7A2]]) resistance to cefuroxime","control of membrane fluidity","membrane-associated scaffold protein","no","Membrane dynamics (9),Membrane proteins (55),Biofilm formation (129),Sporulation/ other (135),Cell envelope stress proteins (controlled by SigM, V, W, X, Y) (148),Other proteins required for biofilm formation (394)","","Stomatin, Prohibitin, Flotillin, and HflK/C (SPFH) domain protein family (with [[protein|CA4EF8385EAA4BBC47FF0D998C820D9F36F5F94D]] and [[protein|11A55829B4C3E8EA434A600FF7B4102F8E5A7DCE]]) [pubmed|34777311]","[AF|O32076]","contains a SPFH domain (Stomatin, Prohibitin, Flotillin, and HflK/C-Domain) (aa 24 - 212) [pubmed|34777311]","",NA,"",NA,"","MGNA-A213 <i>(yuaG::erm)</i>, available at the [https://shigen.nig.ac.jp/bsub/resource/strainGeneDisrupted/detail/213 NBRP B. subtilis, Japan], JS152 (markerless), available in [wiki|Daniel Lopez]'s lab, BKE31010 (<i>[[gene|61893B4EB53FBBB9AD8BEEEFFCEFD0FC64544D6F]]::erm  trpC2</i>) available at [http://bgsc.org/getdetail.php?bgscid=BKE31010 BGSC],  [Pubmed|28189581], upstream reverse: _UP1_CATATCAAATTCCTCCTTTT,  downstream forward: _UP4_GAGTAAGGAAAGGGCAGAAC, BKK31010 (<i>[[gene|61893B4EB53FBBB9AD8BEEEFFCEFD0FC64544D6F]]::kan  trpC2</i>) available at [http://bgsc.org/getdetail.php?bgscid=BKK31010 BGSC],  [Pubmed|28189581], upstream reverse: _UP1_CATATCAAATTCCTCCTTTT,  downstream forward: _UP4_GAGTAAGGAAAGGGCAGAAC"
"14","lexA","transcriptional regulator","DNA repair","Repress sporulation / repair DNA","Forespore","Initiation","DNA Repair","Unknown",1879,"transcriptional repressor of the SOS regulon","regulation of DNA damage repair","transcriptional repressor of the SOS regulon","no","DNA repair/ recombination (97),Other proteins (329),Transcription factors/ other (372),Coping with predation by protists (469)","'lexA regulon' (193)","peptidase S24 family (single member, according to UniProt)","[PDB|1JHH] (from ''E. coli'', S119A mutant, 33% identity, 52% similarity) [Pubmed|11551506], [AF|P31080]","","",NA,"",NA,"","BKE17850 (<i>Δ[[gene|D267AF38B0CF107042326E9B8F3DD3C9C85840E4]]::erm  trpC2</i>) available at [http://bgsc.org/getdetail.php?bgscid=BKE17850 BGSC],  [Pubmed|28189581], upstream reverse: _UP1_CATTTTTCGCACCTCAAAAC,  downstream forward: _UP4_TAATCTATTGATCTATCAGA, BKK17850 (<i>Δ[[gene|D267AF38B0CF107042326E9B8F3DD3C9C85840E4]]::kan  trpC2</i>) available at [http://bgsc.org/getdetail.php?bgscid=BKK17850 BGSC],  [Pubmed|28189581], upstream reverse: _UP1_CATTTTTCGCACCTCAAAAC,  downstream forward: _UP4_TAATCTATTGATCTATCAGA"
"15","ligD","DNA-modifying","DNA repair","DNA repair","Unknown","Middle","DNA Repair","Unknown",1413,"DNA repair polymerase/ ligase in non-homologous end joining DNA repair","non-homologous end joining DNA repair, repair of gapped DNA substrates","DNA repair polymerase/ ligase","no","DNA repair/ recombination (97),Spore-encoded non-homologous end joining system (326),Sporulation proteins/ other (399)","","N-terminal part: LigD polymerase family (single member, according to UniProt), C-terminal part: ATP-dependent DNA ligase family (with [[protein|B66132676788FBA47D375193A1C01FC6F93E110F]], according to UniProt)","[PDB|6NHX] (N-terminal ligase domain, from <i>Mycobacterium tuberculosis</i>, 26.3% identity) [pubmed|30718283], [PDB|5OP0] (C-terminal polymerase domain, from <i>Mycobacterium smegmatis</i>, 30% identity) [pubmed|29089537], [AF|O34398]","N-terminal DNA ligase catalytic domain (aa 1 - 331) linked to a C-terminal polymerase domain (aa 332 - 611) [Pubmed|23691176]","",NA,"",NA,"","MGNA-A778 <i>(ykoU::erm)</i>, available at the [https://shigen.nig.ac.jp/bsub/resource/strainGeneDisrupted/detail/778 NBRP B. subtilis, Japan], BP141 (Δ''[[gene|B3E1652E9F3BDC9520847C479A2C0BED25025B4C]]-[[gene|127CB0930A2D96B18D9261180028818F158C68CB]]''::''kan'') available in [wiki|Fabian Commichau]'s and [wiki|Jörg Stülke]'s labs [pubmed|30863384], BP142 (Δ''[[gene|A2E6852A5739B3C04405B98AFFC301A98E1ADCD0]]-[[gene|B3E1652E9F3BDC9520847C479A2C0BED25025B4C]]-[[gene|127CB0930A2D96B18D9261180028818F158C68CB]]''::''kan'') available in [wiki|Fabian Commichau]'s lab, BKE13400 (Δ<i>[[gene|127CB0930A2D96B18D9261180028818F158C68CB]]::erm  trpC2</i>) available at [http://bgsc.org/getdetail.php?bgscid=BKE13400 BGSC],  [Pubmed|28189581], upstream reverse: _UP1_CGGCTGCATGGTAAACGCCA,  downstream forward: _UP4_TGACTAATGAAGTCAGCTCT, BKK13400 (Δ<i>[[gene|127CB0930A2D96B18D9261180028818F158C68CB]]::kan  trpC2</i>) available at [http://bgsc.org/getdetail.php?bgscid=BKK13400 BGSC],  [Pubmed|28189581], upstream reverse: _UP1_CGGCTGCATGGTAAACGCCA,  downstream forward: _UP4_TGACTAATGAAGTCAGCTCT"
"16","lytA",NA,NA,NA,NA,NA,NA,NA,3761,"secretion of major autolysin [[protein|6A21293823151C6980BF52B31A4B249A8440F2E1]]","autolysis","secretion of major autolysin [[protein|6A21293823151C6980BF52B31A4B249A8440F2E1]]","no","Autolysis (18),Membrane proteins (55)","","","[AF|Q02112]","","",NA,"",NA,"","1A789 ( ''lytA''::''kan''), [Pubmed|1588906], available at [http://pasture.asc.ohio-state.edu/BGSC/getdetail.cfm?bgscid=1A789&Search=1A789 BGSC], BKE35640 (<i>[[gene|497C9654DC7514FF738D18E1F083299C43003A4C]]::erm  trpC2</i>) available at [http://bgsc.org/getdetail.php?bgscid=BKE35640 BGSC],  [Pubmed|28189581], upstream reverse: _UP1_CATTTTTTTCACCTCATTAT,  downstream forward: _UP4_TAAGATATAGGGAGGAACCT, BKK35640 (<i>[[gene|497C9654DC7514FF738D18E1F083299C43003A4C]]::kan  trpC2</i>) available at [http://bgsc.org/getdetail.php?bgscid=BKK35640 BGSC],  [Pubmed|28189581], upstream reverse: _UP1_CATTTTTTTCACCTCATTAT,  downstream forward: _UP4_TAAGATATAGGGAGGAACCT"
"17","lytD","remove","remove","remove","remove","remove","Unknown Lysis","Lysis",3779,"minor autolysin, peptidoglycan N-acetylglucosaminidase","minor autolysin, cell separation","peptidoglycan N-acetylglucosaminidase","no","Autolysis (18),N-acetyl-β-D-glucosaminidases (22),Secreted proteins (52)","","glycosyl hydrolase 73 family (with [[protein|AF0BC3D534BC2CCCAAB53B286CF4286E58A8A338]], according to UniProt)","[AF|P39848]","3 SPOR domains (aa 70-149, aa 150-229, aa 230-311) (according to UniProt), [wiki|SH3B domain] (aa 630-700) (according to UniProt)","",NA,"",NA,"","GP3400 (<i>Δ[[gene|29219315D31BA4ADE41687EFF17FE41D6C23D157]]::neo  <i>trpC2</i>), available in [wiki|Jörg Stülke]'s lab, 1A788 ( ''lytD''::''tet''), [Pubmed|7934877], available at [http://pasture.asc.ohio-state.edu/BGSC/getdetail.cfm?bgscid=1A788&Search=1A788 BGSC], 1A792 ( ''lytD''::''tet''), [Pubmed|1588906], available at [http://pasture.asc.ohio-state.edu/BGSC/getdetail.cfm?bgscid=1A792&Search=1A792 BGSC], BKE35780 (<i>[[gene|29219315D31BA4ADE41687EFF17FE41D6C23D157]]::erm  trpC2</i>) available at [http://bgsc.org/getdetail.php?bgscid=BKE35780 BGSC],  [Pubmed|28189581], upstream reverse: _UP1_CATTCCTTCTCCTCTTTCTT,  downstream forward: _UP4_TAAAAAACTTAGAAAGTTGC, BKK35780 (<i>[[gene|29219315D31BA4ADE41687EFF17FE41D6C23D157]]::kan  trpC2</i>) available at [http://bgsc.org/getdetail.php?bgscid=BKK35780 BGSC],  [Pubmed|28189581], upstream reverse: _UP1_CATTCCTTCTCCTCTTTCTT,  downstream forward: _UP4_TAAAAAACTTAGAAAGTTGC"
"18","mdfA","protein adaptor","protein degradation","Nutrient scavenging  ","Forespore","Early",NA,NA,1194,"metabolic differentiation factor A, sporulation-specific adaptor protein, targets proteins to degradation by [[protein|86A2F2F65290F4471D6FD03B694821C66C180D8A]]-[[protein|CB06A70DE7462CEB7AF5D8C28943C878DD56DE1A]] during sporulation","control of [[protein|86A2F2F65290F4471D6FD03B694821C66C180D8A]]-[[protein|CB06A70DE7462CEB7AF5D8C28943C878DD56DE1A]]-mediated degradation of metabolic enzymes in the forespore","metabolic differentiation factor A, adaptor protein","no","Proteolysis during sporulation/ germination (364),Additional proteins involved in proteolysis (365),Sporulation proteins/ other (399)","","UPF0736 family (single member, according to UniProt)","[PDB|8B3S] (the [[protein|7CFDFB42AF816FF5766086E537472008E6CB7E85]]-[[protein|86A2F2F65290F4471D6FD03B694821C66C180D8A]] complex) [pubmed|40086879], [AF|O31597]","N-terminal domain: aa 1 ... 135 [pubmed|40086879], C-terminal domain: aa 143 ... 250 [pubmed|40086879]","",NA,"",NA,"","MGNA-B149 <i>(yjbA::erm)</i>, available at the [https://shigen.nig.ac.jp/bsub/resource/strainGeneDisrupted/detail/1148 NBRP B. subtilis, Japan], BKE11410 (<i>[[gene|7CFDFB42AF816FF5766086E537472008E6CB7E85]]::erm  trpC2</i>) available at [http://bgsc.org/getdetail.php?bgscid=BKE11410 BGSC],  [Pubmed|28189581], upstream reverse: _UP1_CATCTCTAACCCCTCACTTT,  downstream forward: _UP4_TGAAAAAAACCGCTCTTTGC, BKK11410 (<i>[[gene|7CFDFB42AF816FF5766086E537472008E6CB7E85]]::kan  trpC2</i>) available at [http://bgsc.org/getdetail.php?bgscid=BKK11410 BGSC],  [Pubmed|28189581], upstream reverse: _UP1_CATCTCTAACCCCTCACTTT,  downstream forward: _UP4_TGAAAAAAACCGCTCTTTGC"
"19","nadE",NA,NA,NA,NA,NA,NA,NA,322,"NH3-dependent NAD+ synthetase","NAD biosynthesis","NH3-dependent NAD+ synthetase","yes","Essential genes (49),General stress proteins (controlled by SigB) (138),Biosynthesis of NAD(P) (296)","","NAD synthetase family (single member, according to UniProt)","[PDB|1EE1] [pubmed|11375500], [AF|P08164]","","",NA,"",NA,"",""
"20","nlpD","hydrolase","lysin","remove","remove","remove",NA,NA,NA,NA,NA,NA,NA,NA,NA,NA,NA,NA,NA,NA,NA,NA,NA,NA
"21","nucB","DNA-modifying","DNA degradation","Nutrient scavenging  ","Mother cell","Mother cell Lysis",NA,NA,2724,"[wiki|sporulation]-specific extracellular nuclease","DNA degradation after mother cell lysis","[wiki|sporulation]-specific extracellular nuclease","no","Secreted proteins (52),Utilization of nucleotides (83)","","","[PDB|5OMT] ([[protein|NucB ]]from <i>B. licheniformis</i>, 77% identity, aa 27 - 136) [pubmed|29165717], [AF|P42983]","","",NA,"",NA,"","BKE25750 (<i>[[gene|5A3CEDBF81E3263FDB10AC9245D28498C9332D14]]::erm  trpC2</i>) available at [http://bgsc.org/getdetail.php?bgscid=BKE25750 BGSC],  [Pubmed|28189581], upstream reverse: _UP1_CATCCCCATCCCCCCATACC,  downstream forward: _UP4_TAGTAAAGAAGAGGCTCTTT, BKK25750 (<i>[[gene|5A3CEDBF81E3263FDB10AC9245D28498C9332D14]]::kan  trpC2</i>) available at [http://bgsc.org/getdetail.php?bgscid=BKK25750 BGSC],  [Pubmed|28189581], upstream reverse: _UP1_CATCCCCATCCCCCCATACC,  downstream forward: _UP4_TAGTAAAGAAGAGGCTCTTT"
"22","parA","DNA-modifying","Partitioning","Partitioning","Both","Early","Partitioning","Commitment",4327,"ATPase, centromere-like function involved in forespore chromosome partitioning / negative regulation of [[category|SW.4.2]] initiation, regulator of SMC complex dynamics","forespore chromosome partitioning / negative regulation of [[category|SW.4.2]] initiation","negative regulator of [[category|SW.4.2]] initiation","no","Membrane proteins (55),DNA condensation/ segregation (95),Sporulation/ other (135)","","ParA family (with [[protein|D6D34E68FB3BAAACB533F98290FD363A5B00B2C6]] and [[protein|37DAD42A391E2FC506225EAF91B8F21629A401DF]], according to UniProt)","[PDB|5U1G] [pubmed|28373206], [PDB|5U1J] [pubmed|28373206], [AF|P37522]","","[wiki|Interactions]: exists as ATP-bound dimer an ADP-bound monomer [pubmed|36301085]; Effectors of protein activity: [[protein|EF4BD49FCD49EE97908973581478951C8FA196C0]] inhibits [[protein|5B3DB5A796ACA48390278E60478DFF13D0074A8D]] dimerization and concomitant DNA-binding activity by stimulating [[protein|5B3DB5A796ACA48390278E60478DFF13D0074A8D]] ATPase activity [Pubmed|21235642]",NA,"",NA,"","BKE40970 (<i>[[gene|5B3DB5A796ACA48390278E60478DFF13D0074A8D]]::erm  trpC2</i>) available at [http://bgsc.org/getdetail.php?bgscid=BKE40970 BGSC],  [Pubmed|28189581], upstream reverse: _UP1_CACGATGTCACCTACTTTCA,  downstream forward: _UP4_GATTTAGCAAAGGAAGTGGC, BKK40970 (<i>[[gene|5B3DB5A796ACA48390278E60478DFF13D0074A8D]]::kan  trpC2</i>) available at [http://bgsc.org/getdetail.php?bgscid=BKK40970 BGSC],  [Pubmed|28189581], upstream reverse: _UP1_CACGATGTCACCTACTTTCA,  downstream forward: _UP4_GATTTAGCAAAGGAAGTGGC"
"23","parB",NA,NA,NA,NA,NA,NA,NA,4326,"[[metabolite|CTP]] hydrolase, chromosome positioning near the pole and transport through the polar septum / antagonist of SMC complex to the origin of replication, coordination of early steps in DNA replication with establishment of a medial division site","chromosome positioning before asymmetric septation","[[protein|0136394A52759CEEDD8DE074ED74033C6FFB8435]]-loading protein","no","DNA condensation/ segregation (95),Sporulation/ other (135)","","ParB family (with [[protein|559DEDC9887B811EF80994526256ADC48BA51CE3]], according to UniProt)","[PDB|4UMK] (complex with ''parS'' DNA), [PDB|5U1G] [pubmed|28373206], [PDB|5U1J] [pubmed|28373206], [PDB|6SDK] (complex with CDP), [AF|P26497]","N-terminal domain (NTD, aa 1 - 96): binds CTP and [[protein|5B3DB5A796ACA48390278E60478DFF13D0074A8D]] [pubmed|34250901,10064607], Central DNA-binding domain (CDBD, aa 102 - 216): binds <i>parS </i>DNA [pubmed|16306995], C-terminal domain (CTD, aa 233 - 282): binding of non-specific DNA, dimerization, essential for DNA condensation [pubmed|29244022]","Effectors of protein activity: binding of CTP stimulates the specific interaction with the [[gene|parS]] DNA [pubmed|34250901], hydrolysis of CTP is essential for DNA condensation [pubmed|37850647], CTP promotes the formation of condensates by a low amount of [[protein|EF4BD49FCD49EE97908973581478951C8FA196C0]] at <i>parS</I> sites [pubmed|38908027]",NA,"",NA,"","1S135 ( ''spo0J''::''spec''), [Pubmed| ], available at [http://pasture.asc.ohio-state.edu/BGSC/getdetail.cfm?bgscid=1S135&Search=1S135 BGSC], 1S136 ( ''spo0J''::''spec''), [Pubmed| ], available at [http://pasture.asc.ohio-state.edu/BGSC/getdetail.cfm?bgscid=1S136&Search=1S136 BGSC], 1S137 ( ''spo0J''::''spec''), [Pubmed| ], available at [http://pasture.asc.ohio-state.edu/BGSC/getdetail.cfm?bgscid=1S137&Search=1S137 BGSC], BKE40960 (<i>Δ[[gene|EF4BD49FCD49EE97908973581478951C8FA196C0]]::erm  trpC2</i>) available at [http://bgsc.org/getdetail.php?bgscid=BKE40960 BGSC],  [Pubmed|28189581], upstream reverse: _UP1_CGCATTAATCCCTTTTCCAA,  downstream forward: _UP4_TAAATGAAAAAACCATCTTT, BKK40960 (<i>Δ[[gene|EF4BD49FCD49EE97908973581478951C8FA196C0]]::kan  trpC2</i>) available at [http://bgsc.org/getdetail.php?bgscid=BKK40960 BGSC],  [Pubmed|28189581], upstream reverse: _UP1_CGCATTAATCCCTTTTCCAA,  downstream forward: _UP4_TAAATGAAAAAACCATCTTT"
"24","pcrA",NA,NA,NA,NA,NA,NA,NA,709,"ATP-dependent DNA helicase, coupling of DNA replication, transcription, recombination and segregation, facilitates unwinding of ICEBs1 DNA for horizontal transfer, required to overcome a replicative stress","coupling of DNA replication, transcription, recombination and segregation","ATP-dependent DNA helicase","yes","Essential genes (49),DNA repair/ recombination (97),Additional genes (163),Other proteins (329)","","[wiki|helicase family] (according to UniProt)","[PDB|2PJR] (product complex, complex with sulphate ion, ''Geobacillus stearothermophilus''), [PDB|1PJR] (substrate complex, complex with DNA, ''Geobacillus stearothermophilus''), [PDB|5DMA], C-terminal [wiki|RNA polymerase] interaction domain [pubmed|28160601], [AF|O34580]","two RecA-like domains [Pubmed|24147116], intrinxically disordered C-terminal domain (for interaction with [wiki|RNA polymerase]) [Pubmed|24147116], [wiki|UvrD-like helicase ATP-binding domain](aa 10-289) (according to UniProt), [wiki|UvrD-like helicase C-terminal] (aa 290-570) (according to UniProt)","Effectors of protein activity: unwinding of the double-stranded ICEBs1 DNA is stimulated by [[protein|HelP]] [Pubmed|23326247], helicase activity is stimulated by interaction with [wiki|RNA polymerase] [Pubmed|24147116]",NA,"",NA,"",""
"25","pghL","phage-dervied lysin","lysin","Lysis","Unknown","Unknown",NA,NA,1875,"phage-derived gamma polyglutamic acid hydrolase, sporulation protein","polyglutamic acid degradation","phage-derived gamma polyglutamic acid hydrolase","no","Capsule biosynthesis and degradation (6),Membrane proteins (55),Sporulation proteins/ other (399)","","[wiki|UPF0714 family] (according to UniProt)","[PDB|5ONJ] (complex with poly-γ-glutamate) [pubmed|30387270], [PDB|3A9L] (from <i>B. subtilis</i> phage NIT1, 36% identity) [pubmed|22105902], [PDB|6HRI] (native), [PDB|6HRJ] (apo-form), [AF|O31815]","DUF867 [http://pfam.xfam.org/family/PF05908 x], [[gamma-PGA hydrolase domain]] [Pubmed|26158264]","",NA,"",NA,"","MGNA-B113 <i>(yndL::erm)</i>, available at the [https://shigen.nig.ac.jp/bsub/resource/strainGeneDisrupted/detail/1112 NBRP B. subtilis, Japan], BKE17820 (<i>Δ[[gene|FD862CE6C4A37B17714F8F8687B3266D43EF5F63]]::erm  trpC2</i>) available at [http://bgsc.org/getdetail.php?bgscid=BKE17820 BGSC],  [Pubmed|28189581], upstream reverse: _UP1_CATCTACTCCGCCTCTAAGT,  downstream forward: _UP4_TGAAAAATAGGAGGCGATAA, BKK17820 (<i>Δ[[gene|FD862CE6C4A37B17714F8F8687B3266D43EF5F63]]::kan  trpC2</i>) available at [http://bgsc.org/getdetail.php?bgscid=BKK17820 BGSC],  [Pubmed|28189581], upstream reverse: _UP1_CATCTACTCCGCCTCTAAGT,  downstream forward: _UP4_TGAAAAATAGGAGGCGATAA"
"26","phoH","starvation protein","phosphate starvation protein","Unknown","Unknown","Unknown","Unknown","Unknown",2681,"phosphate starvation-induced protein","unkown","unknown","no","Poorly characterized/ putative enzymes (449)","","phoH family (with [[protein|5913ABC121A03644897BD365D7E507661CD3AF39]], according to UniProt)","[PDB|3B85] (aa 115-315, the protein from ''Corynebacterium glutamicum'', 65% identity, 90% similarity), [AF|P46343]","","",NA,"",NA,"","MGNA-C422 <i>(yqfE::erm)</i>, available at the [https://shigen.nig.ac.jp/bsub/resource/strainGeneDisrupted/detail/2420 NBRP B. subtilis, Japan], BKE25340 (<i>[[gene|6BF4F99DEF2E032A8547B920086305775D04FACF]]::erm  trpC2</i>) available at [http://bgsc.org/getdetail.php?bgscid=BKE25340 BGSC],  [Pubmed|28189581], upstream reverse: _UP1_ATTCATCGCAAGTAAATGTT,  downstream forward: _UP4_TAATGCTGAATGACCCGATC, BKK25340 (<i>[[gene|6BF4F99DEF2E032A8547B920086305775D04FACF]]::kan  trpC2</i>) available at [http://bgsc.org/getdetail.php?bgscid=BKK25340 BGSC],  [Pubmed|28189581], upstream reverse: _UP1_ATTCATCGCAAGTAAATGTT,  downstream forward: _UP4_TAATGCTGAATGACCCGATC"
"27","pncA",NA,NA,NA,NA,NA,NA,NA,3360,"nicotinamidase","NAD salvage","nicotinamidase","no","Biosynthesis of NAD(P) (296)","","[wiki|Isochorismatase family] (according to UniProt)","[PDB|5ZN8], [PDB|6A8L], [AF|O32091]","","",NA,"",NA,"","MGNA-B563 <i>(yueJ::erm)</i>, available at the [https://shigen.nig.ac.jp/bsub/resource/strainGeneDisrupted/detail/1562 NBRP B. subtilis, Japan], BKE31760 (<i>[[gene|26430DCCEC263E7D03A3BBA4E7D636A250C3208B]]::erm  trpC2</i>) available at [http://bgsc.org/getdetail.php?bgscid=BKE31760 BGSC],  [Pubmed|28189581], upstream reverse: _UP1_CATAGCCGGCCTCCCCGCCA,  downstream forward: _UP4_GCAGAGTAAGGAAGGGGAAA, BKK31760 (<i>[[gene|26430DCCEC263E7D03A3BBA4E7D636A250C3208B]]::kan  trpC2</i>) available at [http://bgsc.org/getdetail.php?bgscid=BKK31760 BGSC],  [Pubmed|28189581], upstream reverse: _UP1_CATAGCCGGCCTCCCCGCCA,  downstream forward: _UP4_GCAGAGTAAGGAAGGGGAAA"
"28","polA","DNA-modifying","DNA repair","DNA repair","Unknown","Unknown","DNA Repair","Unknown",3085,"DNA polymerase I, required for repair of UV- or MMS-induced DNA damage, processing of Okazaki fragments","DNA replication","DNA polymerase I","no","DNA replication (93),DNA repair/ recombination (97),Other proteins (329)","","DNA polymerase type-A family (single member, according to UniProt)","[PDB|6VDE] (from <i>Mycobacterium smegmatis</i>, 40.5% identity) [pubmed|32034423], [PDB|1XWL] (large fragment, corresponds to AA 310 to 880, <i>Geobacillus stearothermophilus</i>), [AF|O34996]","5'-3' exonuclease domain (aa 174-268) (according to UniProt), 3'-5' exonuclease domain (aa 302-470) (according to UniProt)","",NA,"",NA,"","GP3532 (Δ[[gene|3D6DA8B52A4CB49361E67906140696FFA1EF6099]]::spec), available in [wiki|Jörg Stülke]'s lab, BKE29090 (<i>[[gene|3D6DA8B52A4CB49361E67906140696FFA1EF6099]]::erm  trpC2</i>) available at [http://bgsc.org/getdetail.php?bgscid=BKE29090 BGSC],  [Pubmed|28189581], upstream reverse: _UP1_CATTCAATTTCCTCCTAAGA,  downstream forward: _UP4_TAAACAGAGATAGGAAGTGA, BKK29090 (<i>[[gene|3D6DA8B52A4CB49361E67906140696FFA1EF6099]]::kan  trpC2</i>) available at [http://bgsc.org/getdetail.php?bgscid=BKK29090 BGSC],  [Pubmed|28189581], upstream reverse: _UP1_CATTCAATTTCCTCCTAAGA,  downstream forward: _UP4_TAAACAGAGATAGGAAGTGA"
"29","rapA","transcriptional regulator","sporulation initiation","Repress sporulation","Pre-division","Initiation","Sporulation Initiation","Initiation",1306,"response regulator aspartate phosphatase, dephosphorylates [[protein|9896B99346B0D3F6D57F57377DB253B46135A37A]]-P, control of the [wiki|phosphorelay]","control of [wiki|sporulation] initiation","response regulator aspartate phosphatase","no","Quorum sensing (121),Protein phosphatases (357),Phosphatases controlling the phosphorelay (384),Phosphatases controlling the phosphorelay (405),Response regulator aspartate phosphatase (433)","","[wiki|RAP family] (according to UniProt)","[PDB|4I9E] ([[protein|1F860F4E66A3D503D5A97F17D4AB0504BEFE7F9D]], 42% identity) [pubmed|23526880], [AF|Q00828]","modular organization comprising an amino terminal alpha-helical domain connected to a domain formed by six [wiki|TPR repeat|tetratrichopeptide repeats] [Pubmed|11923303,22267516]","",NA,"",NA,"","BKE12430 (<i>[[gene|25D89EF3C4D57B3E6F9AB0210029651F74356906]]::erm  trpC2</i>) available at [http://bgsc.org/getdetail.php?bgscid=BKE12430 BGSC],  [Pubmed|28189581], upstream reverse: _UP1_CAATTAATCCCCCCTTTTGA,  downstream forward: _UP4_CAAATCCAGAGAGGAGATTG, BKK12430 (<i>[[gene|25D89EF3C4D57B3E6F9AB0210029651F74356906]]::kan  trpC2</i>) available at [http://bgsc.org/getdetail.php?bgscid=BKK12430 BGSC],  [Pubmed|28189581], upstream reverse: _UP1_CAATTAATCCCCCCTTTTGA,  downstream forward: _UP4_CAAATCCAGAGAGGAGATTG"
"30","rapJ","transcriptional regulator","sporulation initiation","Repress sporulation","Pre-division","Initiation",NA,NA,291,"response regulator aspartate phosphatase, dephosphorylates [[protein|9896B99346B0D3F6D57F57377DB253B46135A37A]]-P","control of the [wiki|phosphorelay]","response regulator aspartate phosphatase","no","Protein phosphatases (357),Response regulator aspartate phosphatase (433)","","[wiki|RAP family] (according to UniProt)","[PDB|4GYO] (complex [[protein|BC28167FE175BFD7DBF1B07C54D3512184B95B8F]]-[[protein|C0B7845F55A16300EB37F026C817AEC4F3BA3B6F]]) [Pubmed|23526881], [AF|O34327]","RapJ is made up of the C-terminal tetratricopeptide repeat (TPR) domain (five [wiki|TPR repeat|tetratrichopeptide repeats]) that is connected by a flexible helix containing linker to the N-terminal 3-helix bundle. Upon binding of the regulating peptide [[protein|C0B7845F55A16300EB37F026C817AEC4F3BA3B6F]], the 3-helix bundle and the linker helix undergo a conformational change to form a TPR-like fold that merges with the existing C-terminal TPR domain. [Pubmed|23526881]","Effectors of protein activity: the interaction with [[protein|C0B7845F55A16300EB37F026C817AEC4F3BA3B6F]] inactivates [[protein|BC28167FE175BFD7DBF1B07C54D3512184B95B8F]] [Pubmed|23526881]",NA,"",NA,"","BKE02820 (<i>Δ[[gene|BC28167FE175BFD7DBF1B07C54D3512184B95B8F]]::erm  trpC2</i>) available at [http://bgsc.org/getdetail.php?bgscid=BKE02820 BGSC],  [Pubmed|28189581], upstream reverse: _UP1_CATCGGTCTGCCTCCTTCCT,  downstream forward: _UP4_TAGGAAATGGCAGAGAACTA, BKK02820 (<i>Δ[[gene|BC28167FE175BFD7DBF1B07C54D3512184B95B8F]]::kan  trpC2</i>) available at [http://bgsc.org/getdetail.php?bgscid=BKK02820 BGSC],  [Pubmed|28189581], upstream reverse: _UP1_CATCGGTCTGCCTCCTTCCT,  downstream forward: _UP4_TAGGAAATGGCAGAGAACTA"
"31","rapK","transcriptional regulator","sporulation initiation","Repress sporulation","Pre-division","Initiation","Sporulation Initiation","Initiation",2000,"response regulator aspartate phosphatase, controls [[protein|7832489F11F606BCF637EC23BAAB41AD10237EBB]] activity","control of [[protein|7832489F11F606BCF637EC23BAAB41AD10237EBB]] activity","response regulator aspartate phosphatase","no","Genetic competence (99),Quorum sensing (121),Genetic competence (130),Protein phosphatases (357),Response regulator aspartate phosphatase (433)","","[wiki|RAP family] (according to UniProt)","[PDB|4I1A] ([[protein|A208B4564A50D7BE2630DE40E8FAAF3C16236EE4]], 30% identity) [pubmed|23526881], [AF|O34930]","six [wiki|TPR repeat|tetratrichopeptide repeats] (according to UniProt)","Effectors of protein activity: binding of [[protein|886C1BAE024A9D1A6C7C4F16E5251D5427B8D41E]] inhibits RapK activity [Pubmed|16816200]",NA,"",NA,"","BKE18910 (<i>Δ[[gene|C8BF3815578293542D14811C60F4CA78AACF73EB]]::erm  trpC2</i>) available at [http://bgsc.org/getdetail.php?bgscid=BKE18910 BGSC],  [Pubmed|28189581], upstream reverse: _UP1_CATTTAAACCCCTCTTTCTG,  downstream forward: _UP4_ATGAATCAGGTGGAGGGAAT, BKK18910 (<i>Δ[[gene|C8BF3815578293542D14811C60F4CA78AACF73EB]]::kan  trpC2</i>) available at [http://bgsc.org/getdetail.php?bgscid=BKK18910 BGSC],  [Pubmed|28189581], upstream reverse: _UP1_CATTTAAACCCCTCTTTCTG,  downstream forward: _UP4_ATGAATCAGGTGGAGGGAAT"
"32","rsfA","transcriptional regulator","reguLates sigma factor","Sporulation regulation","Forespore","Middle","Sigma Regulator","Commitment/Engulfment",3973,"probable regulator of transcription of [[protein|CFF318EE6CACDEE763FBF96A2ABB46E944679AAA]]-dependent genes","control of expression of [[protein|CFF318EE6CACDEE763FBF96A2ABB46E944679AAA]]-dependent genes","regulator of [[protein|CFF318EE6CACDEE763FBF96A2ABB46E944679AAA]] activity","no","Control of sigma factors (367),Sporulation proteins/ other (399)","'rsfA regulon' (125)","","[AF|P39650]","Myb-like domain (aa 1-57) (according to UniProt)","",NA,"",NA,"","MGNA-A592 <i>(ywfN::erm)</i>, available at the [https://shigen.nig.ac.jp/bsub/resource/strainGeneDisrupted/detail/592 NBRP B. subtilis, Japan], 1S132 ( ''rsfA''::''tet''), [Pubmed|10629188], available at [http://pasture.asc.ohio-state.edu/BGSC/getdetail.cfm?bgscid=1S132&Search=1S132 BGSC], BKE37620 (<i>[[gene|7C0458DB0E3E3AC952FB9DDBC4AD220A3A456359]]::erm  trpC2</i>) available at [http://bgsc.org/getdetail.php?bgscid=BKE37620 BGSC],  [Pubmed|28189581], upstream reverse: _UP1_CATTTATCTCAACTCCCATT,  downstream forward: _UP4_TGACATAGAAAAATCCCAAA, BKK37620 (<i>[[gene|7C0458DB0E3E3AC952FB9DDBC4AD220A3A456359]]::kan  trpC2</i>) available at [http://bgsc.org/getdetail.php?bgscid=BKK37620 BGSC],  [Pubmed|28189581], upstream reverse: _UP1_CATTTATCTCAACTCCCATT,  downstream forward: _UP4_TGACATAGAAAAATCCCAAA"
"33","sigA","sigma factor regulator","sigma factor regulator","Sporulation regulation","Pre-division","Initiation",NA,NA,2666,"[wiki|RNA polymerase] major [wiki|sigma factor] SigA","transcription","[wiki|RNA polymerase] major [wiki|sigma factor] SigA","yes","Essential genes (49),Sigma factors (332),Sigma factors (366),Phosphorylation on an Arg residue (453)","'sigA regulon' (55)","[wiki|Sigma-70 factor family] (according to UniProt)","[PDB|3IYD] ([wiki|RNA polymerase] from ''E. coli'', 69% identity) [Pubmed|19903881], [AF|P06224]","","",NA,"",NA,"",""
"34","sigF","sigma factor regulator","sigma factor regulator","Sporulation regulation","Forespore","Early",NA,NA,2486,"[wiki|RNA polymerase] forespore-specific (early) [wiki|sigma factor] SigF","transcription of [wiki|sporulation] genes (early forespore)","[wiki|RNA polymerase] forespore-specific (early) [wiki|sigma factor] SigF","no","Sigma factors (332),Sigma factors (366),Sporulation proteins/ other (399)","'sigF regulon' (189)","[wiki|Sigma-70 factor family] (according to UniProt)","[PDB|1L0O] (complex with [[protein|C8B867758330355F44C63CC284DC7AA3061FB9F1]], <i>Geobacillus stearothermophilus</i>) [pubmed|11955433], [AF|P07860]","","",NA,"",NA,"","BKE23450 (<i>Δ[[gene|CFF318EE6CACDEE763FBF96A2ABB46E944679AAA]]::erm  trpC2</i>) available at [http://bgsc.org/getdetail.php?bgscid=BKE23450 BGSC],  [Pubmed|28189581], upstream reverse: _UP1_CTCCACATCCATAACAAATC,  downstream forward: _UP4_TAGTCTGCAGTGCAGGCTAG, BKK23450 (<i>Δ[[gene|CFF318EE6CACDEE763FBF96A2ABB46E944679AAA]]::kan  trpC2</i>) available at [http://bgsc.org/getdetail.php?bgscid=BKK23450 BGSC],  [Pubmed|28189581], upstream reverse: _UP1_CTCCACATCCATAACAAATC,  downstream forward: _UP4_TAGTCTGCAGTGCAGGCTAG"
"35","sigG","sigma factor regulator","sigma factor regulator","Sporulation regulation","Forespore","Late",NA,NA,1617,"[wiki|RNA polymerase] [wiki|sporulation] forespore-specific (late) [wiki|sigma factor] SigG","transcription of [wiki|sporulation] genes (late forespore)","[wiki|RNA polymerase] [wiki|sporulation] forespore-specific (late) [wiki|sigma factor] SigG","no","Sigma factors (332),Sigma factors (366),Sporulation proteins/ other (399)","'sigG regulon' (90)","[wiki|Sigma-70 factor family] (according to UniProt)","[PDB|1L0O] ([[protein|CFF318EE6CACDEE763FBF96A2ABB46E944679AAA]] in complex with [[protein|C8B867758330355F44C63CC284DC7AA3061FB9F1]], <i>Geobacillus stearothermophilus</i>, 47% identity) [pubmed|11955433], [AF|P19940]","","Effectors of protein activity: [[protein|01412FA454DDBA12622E3B32C433F8059123661B]] inhibits SigG activity [Pubmed|19497328], the activity of [[protein|5F24258282F3166B7696B9E9ABC1706E4D06C944]]-containing [wiki|RNA polymerase] is modulated by [[protein|8AB50581EBB3C27BB9A96EA3382F8C90CE5B6EC5]] [Pubmed|23678950]",NA,"",NA,"","BKE15330 (<i>[[gene|5F24258282F3166B7696B9E9ABC1706E4D06C944]]::erm  trpC2</i>) available at [http://bgsc.org/getdetail.php?bgscid=BKE15330 BGSC],  [Pubmed|28189581], upstream reverse: _UP1_CACTTTTTTCCCTCCCTACA,  downstream forward: _UP4_TAATGAAAAGCCTTTAAAAC, BKK15330 (<i>[[gene|5F24258282F3166B7696B9E9ABC1706E4D06C944]]::kan  trpC2</i>) available at [http://bgsc.org/getdetail.php?bgscid=BKK15330 BGSC],  [Pubmed|28189581], upstream reverse: _UP1_CACTTTTTTCCCTCCCTACA,  downstream forward: _UP4_TAATGAAAAGCCTTTAAAAC"
"36","sigH","sigma factor regulator","sigma factor regulator","Sporulation regulation","Pre-division","Initiation","Sporulation Initiation","Initiation",102,"[wiki|RNA polymerase] [wiki|sigma factor] SigH, not fully active in laboratory strains due to a mutation (V117A)","transcription of early stationary phase genes ([wiki|sporulation], competence)","[wiki|RNA polymerase] [wiki|sigma factor] SigH","no","Sigma factors (332),Sigma factors (366)","'sigH regulon' (198)","[wiki|Sigma-70 factor family] (according to UniProt)","[PDB|3MZY] (from <i>Fusobacterium nucleatum</i>, 40% identity), [AF|P17869]","[wiki|HTH luxR-type domain] (aa 179-206) (according to InterPro)","not fully active in laboratory strains due to a mutation (V117A) [pubmed|27501195], the poor interaction of [[protein|DC3449D5F195E5C2E9E14FEC95396C8F1FDF73B4]] with the [wiki|RNA polymerase] is responsible for the poor [wiki|sporulation] at high salinity, this phenotype can be partially suppressed by specific mutations in [[protein|DC3449D5F195E5C2E9E14FEC95396C8F1FDF73B4]] [Pubmed|26712348]",NA,"",NA,"","BKE00980 (<i>Δ[[gene|DC3449D5F195E5C2E9E14FEC95396C8F1FDF73B4]]::erm  trpC2</i>) available at [http://bgsc.org/getdetail.php?bgscid=BKE00980 BGSC],  [Pubmed|28189581], upstream reverse: _UP1_CACTCCGATCCCCCCGGCGC,  downstream forward: _UP4_TAATAGGAATTTATGCTATA, BKK00980 (<i>Δ[[gene|DC3449D5F195E5C2E9E14FEC95396C8F1FDF73B4]]::kan  trpC2</i>) available at [http://bgsc.org/getdetail.php?bgscid=BKK00980 BGSC],  [Pubmed|28189581], upstream reverse: _UP1_CACTCCGATCCCCCCGGCGC,  downstream forward: _UP4_TAATAGGAATTTATGCTATA"
"37","spoIIIE","DNA-modifying","Partitioning","Partitioning","Both","Early","Partitioning","Commitment",1766,"ATP-dependent dsDNA translocase, resolution of chromosomal dimers after [wiki|DNA replication], coordinates chromosome segregation and peptidoglycan remodeling during sporulation, transports the forespore chromosome across the [wiki|sporulation] septum","chromosome partition during [wiki|sporulation]","ATP-dependent dsDNA translocase required for chromosome partition","no","Membrane proteins (55),DNA condensation/ segregation (95),Sporulation/ other (135)","","FtsK/SpoIIIE/SftA family (with [[protein|DF77B46666595E86081C5345C91E08F86DF9FAEE]], according to UniProt)","[PDB|2IUT] (FtsK from ''Pseudomonas aeruginosa'', partial, 48% identity, complex with [[protein|DF77B46666595E86081C5345C91E08F86DF9FAEE]]) [Pubmed|16916635], [AF|P21458]","N-terminal transmembrane domain (4 helices) [Pubmed|24297254], 134 aa linker [Pubmed|24297254], 512 aa motor domain at the C-terminus [Pubmed|24297254], [wiki|FtsK domain] (aa 450-646) (according to UniProt)","",NA,"",NA,"","BKE16800 (<i>[[gene|125325B485FBC60798EDA4B4BFB24C6FCBC4C513]]::erm  trpC2</i>) available at [http://bgsc.org/getdetail.php?bgscid=BKE16800 BGSC],  [Pubmed|28189581], upstream reverse: _UP1_CACACTCATCACCTTACTGC,  downstream forward: _UP4_TAATGAAGGGAGTTCCGCTT, BKK16800 (<i>[[gene|125325B485FBC60798EDA4B4BFB24C6FCBC4C513]]::kan  trpC2</i>) available at [http://bgsc.org/getdetail.php?bgscid=BKK16800 BGSC],  [Pubmed|28189581], upstream reverse: _UP1_CACACTCATCACCTTACTGC,  downstream forward: _UP4_TAATGAAGGGAGTTCCGCTT"
"38","spoIIQ","type iii secretion","Partitioning","Partitioning","Both","Middle",NA,NA,3860,"component of the [[protein|00BDD4E3370DB3A9F4D75FE265A2A8DF05185CCC]]-[[protein|3282D2C25468776881778006F182FCF322C4821D]] type III secretion system residing in the forespore membrane, required for anchoring of proteins on both sides of the sporulation septum, required for localization and stability of [[protein|7C8DFE00A2B2B30CC8BEB35055D92CC2E4128F3A]]","forespore encasement by the spore coat","part of the transmembrane channel linking the mother cell and the forespore","no","Membrane proteins (55),Sporulation proteins/ other (399)","","","[PDB|3UZO]; [PDB|3TUF] (the [[protein|3282D2C25468776881778006F182FCF322C4821D]]-[[protein|00BDD4E3370DB3A9F4D75FE265A2A8DF05185CCC]] pore forming complex)  [Pubmed|22431604,22431613], [AF|P71044]","","",NA,"",NA,"","BKE36550 ([[gene|3282D2C25468776881778006F182FCF322C4821D]]::<i>erm trpC2</i>) available at [http://bgsc.org/getdetail.php?bgscid=BKE36550 BGSC],  [Pubmed|28189581], upstream reverse: _UP1_CATTGTTTCATCACCTCAGC,  downstream forward: _UP4_TAATGAAGAAAACGTCTATC, BKK36550 ([[gene|3282D2C25468776881778006F182FCF322C4821D]]::<i>kan trpC2</i>) available at [http://bgsc.org/getdetail.php?bgscid=BKK36550 BGSC],  [Pubmed|28189581], upstream reverse: _UP1_CATTGTTTCATCACCTCAGC,  downstream forward: _UP4_TAATGAAGAAAACGTCTATC"
"39","spoIVCA","DNA-modifying","sigma factor regulator","spore maturation","Mother cell","Middle","Sigma Regulator","Commitment",2726,"site-specific DNA recombinase required for creating the [[gene|24F7FD5C7C3A68BB2760ABB8CBD8FBD65E5FF7D4]] gene (excision of the [[category|SW.5.1.3]])","excision of the [[category|SW.5.1.3]], creation of the [[gene|24F7FD5C7C3A68BB2760ABB8CBD8FBD65E5FF7D4]] gene","site-specific DNA recombinase","no","Skin element (158),Excision of prophages (324),Control of sigma factors (367),Sporulation proteins/ other (399)","","N-terminal part: [wiki|site-specific recombinase resolvase family] (according to UniProt)","[AF|P17867]","[wiki|Resolvase/invertase-type recombinase catalytic domain] (aa 1-144) (according to UniProt)","",NA,"",NA,"","BKE25770 (<i>[[gene|318618D2FB485EA2A08AD8468B1144ACC1CA2B99]]::erm  trpC2</i>) available at [http://bgsc.org/getdetail.php?bgscid=BKE25770 BGSC],  [Pubmed|28189581], upstream reverse: _UP1_CACCCTGAATCTCCTTCCTA,  downstream forward: _UP4_TTTCAATCAATCGGTGCAGA, BKK25770 (<i>[[gene|318618D2FB485EA2A08AD8468B1144ACC1CA2B99]]::kan  trpC2</i>) available at [http://bgsc.org/getdetail.php?bgscid=BKK25770 BGSC],  [Pubmed|28189581], upstream reverse: _UP1_CACCCTGAATCTCCTTCCTA,  downstream forward: _UP4_TTTCAATCAATCGGTGCAGA"
"40","spoVG","DNA-modifying","Partitioning","Partitioning","Forespore","Early","Sporulation Initiation","Initiation",53,"RNA-binding regulatory protein, negative effector of asymetric septation at the onset of sporulation","cell division, control of sporulation initiation","negative effector of asymetric septation","no","RNA chaperones (103),Sporulation/ other (135),Other genes (169),Phosphorylation on a Ser residue (457)","","SpoVG family (single member, according to UniProt)","[PDB|2IA9], [AF|P28015]","","subject to Clp-dependent proteolysis upon glucose starvation [PubMed|17981983]",NA,"",NA,"","MGNA-A082 <i>(spoVG::erm)</i>, available at the [https://shigen.nig.ac.jp/bsub/resource/strainGeneDisrupted/detail/82 NBRP B. subtilis, Japan], GP2109 (''[[gene|E9FF83FA90DCD7ECABFD67E95ECFAD3518DDC775]]''::''tet'', available in [wiki|Jörg Stülke]'s lab), BKE00490 (<i>Δ[[gene|E9FF83FA90DCD7ECABFD67E95ECFAD3518DDC775]]::erm  trpC2</i>) available at [http://bgsc.org/getdetail.php?bgscid=BKE00490 BGSC],  [Pubmed|28189581], upstream reverse: _UP1_CACAGTAGTTCACCACCTTT,  downstream forward: _UP4_TAAAAAATAACCAAAAAGCA, BKK00490 (<i>Δ[[gene|E9FF83FA90DCD7ECABFD67E95ECFAD3518DDC775]]::kan  trpC2</i>) available at [http://bgsc.org/getdetail.php?bgscid=BKK00490 BGSC],  [Pubmed|28189581], upstream reverse: _UP1_CACAGTAGTTCACCACCTTT,  downstream forward: _UP4_TAAAAAATAACCAAAAAGCA"
"41","sspB","DNA-modifying","DNA protection","DNA protection","Forespore","Middle",NA,NA,1024,"small acid-soluble spore protein (major beta-type SASP)","protection of spore DNA","small acid-soluble spore protein (major beta-type SASP)","no","Small acid-soluble spore proteins (398),Phosphorylation on an Arg residue (453),Phosphorylation on a Ser residue (457)","","[wiki|Alpha/beta-type SASP family] (according to UniProt)","[PDB|2Z3X] ([[protein|9E1B3A6289F2C94F9088FA14CE8939E208DE9FEA]] in complex with DNA, 78% identity), [AF|P04832]","","",NA,"",NA,"","1S111 (no resistance), [Pubmed|3087950], available at [http://pasture.asc.ohio-state.edu/BGSC/getdetail.cfm?bgscid=1S111&Search=1S111 BGSC], 1S113 (no resistance), [Pubmed|3125155], available at [http://pasture.asc.ohio-state.edu/BGSC/getdetail.cfm?bgscid=1S113&Search=1S113 BGSC], BKE09750 (<i>[[gene|28F47ADECD376494878AE58B395B3A2616B6B5DF]]::erm  trpC2</i>) available at [http://bgsc.org/getdetail.php?bgscid=BKE09750 BGSC],  [Pubmed|28189581], upstream reverse: _UP1_CATGTGTAAAATCTCCTTTT,  downstream forward: _UP4_TAACAATTCAATATATGGCT, BKK09750 (<i>[[gene|28F47ADECD376494878AE58B395B3A2616B6B5DF]]::kan  trpC2</i>) available at [http://bgsc.org/getdetail.php?bgscid=BKK09750 BGSC],  [Pubmed|28189581], upstream reverse: _UP1_CATGTGTAAAATCTCCTTTT,  downstream forward: _UP4_TAACAATTCAATATATGGCT"
"42","sspC","DNA-modifying","DNA protection","DNA protection","Forespore","Middle","DNA Protection","Engulfment",2114,"small acid-soluble spore protein (minor alpha/beta-type SASP)","protection of spore DNA","small acid-soluble spore protein (minor alpha/beta-type SASP)","no","SP-beta prophage (157),Small acid-soluble spore proteins (398)","","[wiki|Alpha/beta-type SASP family] (according to UniProt)","[PDB|2Z3X] (in complex with DNA), [AF|P02958]","","",NA,"",NA,"","BKE19950 (<i>[[gene|9E1B3A6289F2C94F9088FA14CE8939E208DE9FEA]]::erm  trpC2</i>) available at [http://bgsc.org/getdetail.php?bgscid=BKE19950 BGSC],  [Pubmed|28189581], upstream reverse: _UP1_CATCTTATTCATCTCCTAAA,  downstream forward: _UP4_TTAGCTCAACAAAACATGGGC, BKK19950 (<i>[[gene|9E1B3A6289F2C94F9088FA14CE8939E208DE9FEA]]::kan  trpC2</i>) available at [http://bgsc.org/getdetail.php?bgscid=BKK19950 BGSC],  [Pubmed|28189581], upstream reverse: _UP1_CATCTTATTCATCTCCTAAA,  downstream forward: _UP4_TTAGCTCAACAAAACATGGGC"
"43","tauA",NA,NA,NA,NA,NA,NA,NA,NA,NA,NA,NA,NA,NA,NA,NA,NA,NA,NA,NA,NA,NA,NA,NA
"44","tauC",NA,NA,NA,NA,NA,NA,NA,NA,NA,NA,NA,NA,NA,NA,NA,NA,NA,NA,NA,NA,NA,NA,NA
"45","tesA",NA,NA,NA,NA,NA,NA,NA,NA,NA,NA,NA,NA,NA,NA,NA,NA,NA,NA,NA,NA,NA,NA,NA
"46","xerD","DNA-modifying","Partitioning","Partitioning","Both","Early","Partitioning","Unknown",2492,"site-specific integrase/recombinase, partitioning of the terminus region after replication, terminus-specific unloader of translocating SMC complexes","chromosome partitioning, unloading of SMC complexes","site-specific integrase/recombinase","no","DNA condensation/ segregation (95)","","[wiki|phage integrase family] (according to UniProt)","[PDB|1A0P] (from ''E. coli'', 44% identity, complex with [[protein|89746E312F20C81BE3CFDFCE7D99B01C375C198B]]) [Pubmed|9311978], [AF|P46352]","","",NA,"",NA,"","MGNA-C414 ([[gene|301568A5255A31538F52C46D7711EDAB2BD9CE90]]::<i>erm</i>), available at the [https://shigen.nig.ac.jp/bsub/resource/strainGeneDisrupted/detail/2412 NBRP B. subtilis, Japan], 1A793 ( [[gene|301568A5255A31538F52C46D7711EDAB2BD9CE90]]::''spec''), [Pubmed| ], available at [http://pasture.asc.ohio-state.edu/BGSC/getdetail.cfm?bgscid=1A793&Search=1A793 BGSC], 1A796 ([[gene|301568A5255A31538F52C46D7711EDAB2BD9CE90]]::''spec''), [Pubmed|11208805], available at [http://pasture.asc.ohio-state.edu/BGSC/getdetail.cfm?bgscid=1A796&Search=1A796 BGSC], BKE23510 ([[gene|301568A5255A31538F52C46D7711EDAB2BD9CE90]]::<i>erm trpC2</i>) available at [http://bgsc.org/getdetail.php?bgscid=BKE23510 BGSC],  [Pubmed|28189581], upstream reverse: _UP1_CTTTATTTGATCTTTCACTC,  downstream forward: _UP4_TAGCCGCAGGTGGCTGCGGC, BKK23510 ([[gene|301568A5255A31538F52C46D7711EDAB2BD9CE90]]::<i>kan trpC2</i>) available at [http://bgsc.org/getdetail.php?bgscid=BKK23510 BGSC],  [Pubmed|28189581], upstream reverse: _UP1_CTTTATTTGATCTTTCACTC,  downstream forward: _UP4_TAGCCGCAGGTGGCTGCGGC"
"47","xlyB",NA,NA,NA,NA,NA,NA,NA,1309,"N-acetylmuramoyl-L-alanine amidase","PBSX prophage-mediated lysis","N-acetylmuramoyl-L-alanine amidase","no","Autolysis (18),Secreted proteins (52),PBSX prophage (156),Phage-related functions (161)","","[wiki|N-acetylmuramoyl-L-alanine amidase 2 family] (according to UniProt)","[PDB|2L47] (from <i>Bacillus</i> phage Gamma, corresponds to aa 3 ... 166, 57% identity), [AF|O34391]","contains a N-acetylglucosamine-polymer-binding [wiki|LysM domain] [Pubmed|18430080], contains an amidase_2 domain (like [[protein|C1EB8D05386C1B35B8002239F5247CC6AB25F786]], [[protein|C9C395A5F6A2C06EAC97F228C5C66D1628C937CF]], [[protein|D5612882F1887BE342EF7072E71502382AB7289F]], [[protein|A8AF827637B7208DFA101C9A2911BF9AB1AED08F]]), [wiki|N-acetylmuramoyl-L-alanine amidase domain] (aa 40-142) (according to UniProt), [wiki|LysM domain] (aa 177-221) (according to UniProt)","",NA,"",NA,"","BKE12460 (<i>[[gene|A8AF827637B7208DFA101C9A2911BF9AB1AED08F]]::erm  trpC2</i>) available at [http://bgsc.org/getdetail.php?bgscid=BKE12460 BGSC],  [Pubmed|28189581], upstream reverse: _UP1_CACCTATCATCTCTCCTTTT,  downstream forward: _UP4_TAAATGAAAAGACGGAAGCT, BKK12460 (<i>[[gene|A8AF827637B7208DFA101C9A2911BF9AB1AED08F]]::kan  trpC2</i>) available at [http://bgsc.org/getdetail.php?bgscid=BKK12460 BGSC],  [Pubmed|28189581], upstream reverse: _UP1_CACCTATCATCTCTCCTTTT,  downstream forward: _UP4_TAAATGAAAAGACGGAAGCT"
"48","ycgL","Unknown","Unknown","Unknown","Unknown","Unknown","Unknown","Engulfment",328,"unknown","unknown","unknown","no","Newly identified sporulation proteins (based on transcription profiling) (400)","","","[AF|P94389]","","",NA,"",NA,"","MGNA-B991 <i>(ycgL::erm)</i>, available at the [https://shigen.nig.ac.jp/bsub/resource/strainGeneDisrupted/detail/1990 NBRP B. subtilis, Japan], BKE03190 (<i>[[gene|7306A55192AEB4032FD17A1BAAFF1127D511D70E]]::erm  trpC2</i>) available at [http://bgsc.org/getdetail.php?bgscid=BKE03190 BGSC],  [Pubmed|28189581], upstream reverse: _UP1_CATATCTATTCGTCTCCAGT,  downstream forward: _UP4_TGATGTTTTTTGTCGCTTCC, BKK03190 (<i>[[gene|7306A55192AEB4032FD17A1BAAFF1127D511D70E]]::kan  trpC2</i>) available at [http://bgsc.org/getdetail.php?bgscid=BKK03190 BGSC],  [Pubmed|28189581], upstream reverse: _UP1_CATATCTATTCGTCTCCAGT,  downstream forward: _UP4_TGATGTTTTTTGTCGCTTCC"
"49","yclG","Unknown","Unknown","Unknown","Unknown","Unknown",NA,NA,381,"unknown","unknown","unknown","no","Newly identified sporulation proteins (based on transcription profiling) (400)","","","[PDB|3ZPP] (from <i>Streptococcus pneumoniae</i>, corresponds to aa 6 ... 273, 23% identity) [pubmed|23894284], [AF|P94409]","","",NA,"",NA,"","MGNA-C064 <i>(yclG::erm)</i>, available at the [https://shigen.nig.ac.jp/bsub/resource/strainGeneDisrupted/detail/2062 NBRP B. subtilis, Japan], BKE03680 (<i>Δ[[gene|AEF2675431313A0BEE7C10200BA87281F91E2E19]]::erm  trpC2</i>) available at [http://bgsc.org/getdetail.php?bgscid=BKE03680 BGSC],  [Pubmed|28189581], upstream reverse: _UP1_CAATTGCGAGCCTCCTTCTC,  downstream forward: _UP4_ATTGTCTGAAAAAAGCGCCC, BKK03680 (<i>Δ[[gene|AEF2675431313A0BEE7C10200BA87281F91E2E19]]::kan  trpC2</i>) available at [http://bgsc.org/getdetail.php?bgscid=BKK03680 BGSC],  [Pubmed|28189581], upstream reverse: _UP1_CAATTGCGAGCCTCCTTCTC,  downstream forward: _UP4_ATTGTCTGAAAAAAGCGCCC"
"50","yhaM",NA,NA,NA,NA,NA,NA,NA,1042,"3′-deoxyribonuclease specific for ssDNA","uptake and processing of ssDNA","3′-deoxyribonuclease","no","Genetic competence (99)","","YhaM family (single member, according to UniProt)","[PDB|9H3F] [pubmed|40421801], [AF|O07521]","[wiki|HD domain] (aa 163-297) (according to UniProt)","subject to Clp-dependent proteolysis upon glucose starvation [Pubmed|17981983]",NA,"",NA,"","MGNA-B499 <i>(yhaM::erm)</i>, available at the [https://shigen.nig.ac.jp/bsub/resource/strainGeneDisrupted/detail/1498 NBRP B. subtilis, Japan], BKE09930 (<i>[[gene|6D585EB5E56A1E5C1C31680D960043BA08C817E2]]::erm  trpC2</i>) available at [http://bgsc.org/getdetail.php?bgscid=BKE09930 BGSC],  [Pubmed|28189581], upstream reverse: _UP1_CATTCTATTAAAGCTCCCTC,  downstream forward: _UP4_TAACTTAAAAAGGACTGATG, BKK09930 (<i>[[gene|6D585EB5E56A1E5C1C31680D960043BA08C817E2]]::kan  trpC2</i>) available at [http://bgsc.org/getdetail.php?bgscid=BKK09930 BGSC],  [Pubmed|28189581], upstream reverse: _UP1_CATTCTATTAAAGCTCCCTC,  downstream forward: _UP4_TAACTTAAAAAGGACTGATG"
"51","yhbB","Unknown","Unknown","Unknown","Unknown","Unknown",NA,NA,942,"spore coat protein, amidase","unknown","amidase","no","Cell wall/ other (7),Not yet assigned (446)","","Amidase 6 family (with [[protein|E3603BC23B04BA806F008EF13C6CDA23ADDAC7D8]], according to UniProt)","[AF|O31589]","","",NA,"",NA,"","BKE08920 (<i>[[gene|506BD8F55C235CCCF5045073AEC93D8B1E4FB8DF]]::erm  trpC2</i>) available at [http://bgsc.org/getdetail.php?bgscid=BKE08920 BGSC],  [Pubmed|28189581], upstream reverse: _UP1_CATACTTTTTTATAGAGAAA,  downstream forward: _UP4_TAATTAATGTTATAATGATG, BKK08920 (<i>[[gene|506BD8F55C235CCCF5045073AEC93D8B1E4FB8DF]]::kan  trpC2</i>) available at [http://bgsc.org/getdetail.php?bgscid=BKK08920 BGSC],  [Pubmed|28189581], upstream reverse: _UP1_CATACTTTTTTATAGAGAAA,  downstream forward: _UP4_TAATTAATGTTATAATGATG"
"52","yhbH","Unknown","Unknown","Unknown","Unknown","Unknown","Unknown","Commitment",948,"[[protein|3CB24D493B3282278B7DC61CE3C793DFA815F9E2]]-dependent [wiki|sporulation] gene","[[category|SW.4.2]]","unknown","no","Sporulation proteins/ other (399)","","UPF0229 family (single member, according to UniProt)","[AF|P45742]","","",NA,"",NA,"","MGNA-A734 <i>(yhbH::erm)</i>, available at the [https://shigen.nig.ac.jp/bsub/resource/strainGeneDisrupted/detail/734 NBRP B. subtilis, Japan], BKE08980 (<i>[[gene|A84688E551F146A71452628CB5012F7ACD36F126]]::erm  trpC2</i>) available at [http://bgsc.org/getdetail.php?bgscid=BKE08980 BGSC],  [Pubmed|28189581], upstream reverse: _UP1_CATGAATTCCCCTCCTTAAC,  downstream forward: _UP4_TAATGAAAAGCCCATTTCAG, BKK08980 (<i>[[gene|A84688E551F146A71452628CB5012F7ACD36F126]]::kan  trpC2</i>) available at [http://bgsc.org/getdetail.php?bgscid=BKK08980 BGSC],  [Pubmed|28189581], upstream reverse: _UP1_CATGAATTCCCCTCCTTAAC,  downstream forward: _UP4_TAATGAAAAGCCCATTTCAG"
"53","yitB",NA,NA,NA,NA,NA,NA,NA,1143,"phospho-adenylylsulfate sulfotransferase","sulfate reduction and activation","phospho-adenylylsulfate sulfotransferase","no","Sulfur metabolism (90),sulfur metabolism/ general (308),Sporulation proteins/ other (399)","","PAPS reductase family (with [[protein|51EB09C122A7166D662AE72842A44EC5FBA03134]], according to UniProt)","[PDB|2OQ2] (from yeast, 33% identity) [pubmed|18991405], [AF|O06737]","","",NA,"",NA,"","MGNA-A504 <i>(yitB::erm)</i>, available at the [https://shigen.nig.ac.jp/bsub/resource/strainGeneDisrupted/detail/504 NBRP B. subtilis, Japan], BKE10930 (<i>Δ[[gene|E5090587E23B284EF3B3D8F3EA5C44CB86EEB82E]]::erm  trpC2</i>) available at [http://bgsc.org/getdetail.php?bgscid=BKE10930 BGSC],  [Pubmed|28189581], upstream reverse: _UP1_CAATGTTTTCCCCCCGTTTG,  downstream forward: _UP4_TAGCGGATGGCAGGTTCTTG, BKK10930 (<i>Δ[[gene|E5090587E23B284EF3B3D8F3EA5C44CB86EEB82E]]::kan  trpC2</i>) available at [http://bgsc.org/getdetail.php?bgscid=BKK10930 BGSC],  [Pubmed|28189581], upstream reverse: _UP1_CAATGTTTTCCCCCCGTTTG,  downstream forward: _UP4_TAGCGGATGGCAGGTTCTTG"
"54","yjbA","Unknown","Unknown","Unknown","Unknown","Unknown",NA,NA,NA,NA,NA,NA,NA,NA,NA,NA,NA,NA,NA,NA,NA,NA,NA,NA
"55","ylaK","starvation protein","phosphate starvation protein","Unknown","Unknown","Middle","Unknown","Commitment",1564,"similar to phosphate starvation inducible protein [[protein|6BF4F99DEF2E032A8547B920086305775D04FACF]]","unknown","unknown","no","Newly identified sporulation proteins (based on transcription profiling) (400),Poorly characterized/ putative enzymes (449)","","C-terminal part: phoH family (with [[protein|6BF4F99DEF2E032A8547B920086305775D04FACF]], according to UniProt)","[PDB|3B85] (aa 233-399, from <i>Corynebacterium glutamicum</i>, 38% identity), [AF|O07635]","PINc domain (aa 3-135) (according to UniProt)","",NA,"",NA,"","MGNA-A540 <i>(ylaK::erm)</i>, available at the [https://shigen.nig.ac.jp/bsub/resource/strainGeneDisrupted/detail/540 NBRP B. subtilis, Japan], BKE14810 (<i>[[gene|5913ABC121A03644897BD365D7E507661CD3AF39]]::erm  trpC2</i>) available at [http://bgsc.org/getdetail.php?bgscid=BKE14810 BGSC],  [Pubmed|28189581], upstream reverse: _UP1_CAAGTCTCAGCCTCCTGATA,  downstream forward: _UP4_CTTGCAGCTGATTTGCTGTA, BKK14810 (<i>[[gene|5913ABC121A03644897BD365D7E507661CD3AF39]]::kan  trpC2</i>) available at [http://bgsc.org/getdetail.php?bgscid=BKK14810 BGSC],  [Pubmed|28189581], upstream reverse: _UP1_CAAGTCTCAGCCTCCTGATA,  downstream forward: _UP4_CTTGCAGCTGATTTGCTGTA"
"56","yoaM","Unknown","Unknown","Unknown","Unknown","Unknown",NA,NA,1966,"unknown","unknown","unknown","no","Newly identified sporulation proteins (based on transcription profiling) (400)","","[wiki|SOS response-associated peptidase family] (according to UniProt)","[PDB|5KO9] (human protein, 29% identity), [AF|O34906]","","",NA,"",NA,"","MGNA-A841 <i>(yoaM::erm)</i>, available at the [https://shigen.nig.ac.jp/bsub/resource/strainGeneDisrupted/detail/841 NBRP B. subtilis, Japan], BKE18660 (<i>[[gene|46FCB8FC703E61ED6578DFE4D3FC01B9421F8247]]::erm  trpC2</i>) available at [http://bgsc.org/getdetail.php?bgscid=BKE18660 BGSC],  [Pubmed|28189581], upstream reverse: _UP1_CATATCCATCATCCTTTTTA,  downstream forward: _UP4_TAGTGATTGAAAAAATTCTC, BKK18660 (<i>[[gene|46FCB8FC703E61ED6578DFE4D3FC01B9421F8247]]::kan  trpC2</i>) available at [http://bgsc.org/getdetail.php?bgscid=BKK18660 BGSC],  [Pubmed|28189581], upstream reverse: _UP1_CATATCCATCATCCTTTTTA,  downstream forward: _UP4_TAGTGATTGAAAAAATTCTC"
"57","ypeP",NA,NA,NA,NA,NA,NA,NA,2329,"similar to RNase HI","unknown","unknown","no","RNase/ based on similarity (106),Not yet assigned (446)","","","[AF|P54164]","RNase H domain (aa 71-207) (according to UniProt)","",NA,"",NA,"","MGNA-A893 <i>(ypeP::erm)</i>, available at the [https://shigen.nig.ac.jp/bsub/resource/strainGeneDisrupted/detail/893 NBRP B. subtilis, Japan], BP443 (''ypeP::tet'') available in [wiki|Fabian Commichau]'s lab, BKE21970 (<i>[[gene|1852AA40C48859202392834A3E791F6877DD3D30]]::erm  trpC2</i>) available at [http://bgsc.org/getdetail.php?bgscid=BKE21970 BGSC],  [Pubmed|28189581], upstream reverse: _UP1_CATTACAATCACCTTACCAT,  downstream forward: _UP4_TTAGACCGTAACGGAGATGA, BKK21970 (<i>[[gene|1852AA40C48859202392834A3E791F6877DD3D30]]::kan  trpC2</i>) available at [http://bgsc.org/getdetail.php?bgscid=BKK21970 BGSC],  [Pubmed|28189581], upstream reverse: _UP1_CATTACAATCACCTTACCAT,  downstream forward: _UP4_TTAGACCGTAACGGAGATGA"
"58","yqaN","Unknown","Unknown","Unknown","Unknown","Unknown",NA,NA,2777,"unknown, skin element","unknown","unknown","no","Skin element (158),Newly identified sporulation proteins (based on transcription profiling) (400)","","","[AF|P45911]","","",NA,"",NA,"","BKE26250 (<i>[[gene|3A89444BA25E4940C4197AACBD8B66BC1C65A493]]::erm  trpC2</i>) available at [http://bgsc.org/getdetail.php?bgscid=BKE26250 BGSC],  [Pubmed|28189581], upstream reverse: _UP1_CAACTGTTCTTTACCTCCCG,  downstream forward: _UP4_TAAAAATAAAAAACACCGAA, BKK26250 (<i>[[gene|3A89444BA25E4940C4197AACBD8B66BC1C65A493]]::kan  trpC2</i>) available at [http://bgsc.org/getdetail.php?bgscid=BKK26250 BGSC],  [Pubmed|28189581], upstream reverse: _UP1_CAACTGTTCTTTACCTCCCG,  downstream forward: _UP4_TAAAAATAAAAAACACCGAA"
"59","yqhH",NA,NA,NA,NA,NA,NA,NA,2604,"similar to SNF2 helicase","unknown","unknown","no","Genetics/ other/ based on similarity (100),Newly identified competence genes (101),Sporulation proteins/ other (399)","","[wiki|helicase family] (according to UniProt), SNF2/RAD54 helicase family (with [[protein|265490FA83D6D3F178C26C9240E3CB224513BF42]], according to UniProt)","[PDB|1Z6A] (from Sulfolobus solfataricus, 27% identity) [PDB|15882619], [AF|P54509]","[wiki|Helicase ATP-binding domain] (aa 70-224) (according to UniProt), [wiki|Helicase C-terminal domain] (aa 363-524) (according to UniProt)","",NA,"",NA,"","MGNA-C418 <i>(yqhH::erm)</i>, available at the [https://shigen.nig.ac.jp/bsub/resource/strainGeneDisrupted/detail/2416 NBRP B. subtilis, Japan], BKE24580 (<i>[[gene|565D91F3E0357C5B16CC342FCDA7EFD4B910829C]]::erm  trpC2</i>) available at [http://bgsc.org/getdetail.php?bgscid=BKE24580 BGSC],  [Pubmed|28189581], upstream reverse: _UP1_CATTGCTTTGAAACCGCCTT,  downstream forward: _UP4_TAGCCTGTAAGGAGGTTTTA, BKK24580 (<i>[[gene|565D91F3E0357C5B16CC342FCDA7EFD4B910829C]]::kan  trpC2</i>) available at [http://bgsc.org/getdetail.php?bgscid=BKK24580 BGSC],  [Pubmed|28189581], upstream reverse: _UP1_CATTGCTTTGAAACCGCCTT,  downstream forward: _UP4_TAGCCTGTAAGGAGGTTTTA"
"60","yuiC","hydrolase","lysin","stationary phase protein","Pre-division","Initiation",NA,NA,3390,"stationary phase survival protein, sporulation protein, putative cell wall hydrolase (N-acetylglucosamidase)","unknown","stationary phase survival protein, sporulation protein","no","Cell wall/ other/ based on similarity (8),Sporulation proteins/ other (399)","","","[PDB|4WLI] [Pubmed|26163297], [AF|O32108]","","",NA,"",NA,"","MGNA-A652 <i>(yuiC::erm)</i>, available at the [https://shigen.nig.ac.jp/bsub/resource/strainGeneDisrupted/detail/652 NBRP B. subtilis, Japan], BKE32070 (<i>[[gene|3DAE76660E0CB213155265A3E8DF78A992883F87]]::erm  trpC2</i>) available at [http://bgsc.org/getdetail.php?bgscid=BKE32070 BGSC],  [Pubmed|28189581], upstream reverse: _UP1_CATTCACCTCTCCTCCGAAT,  downstream forward: _UP4_TAAAACGCTCCAGCGAAAGC, BKK32070 (<i>[[gene|3DAE76660E0CB213155265A3E8DF78A992883F87]]::kan  trpC2</i>) available at [http://bgsc.org/getdetail.php?bgscid=BKK32070 BGSC],  [Pubmed|28189581], upstream reverse: _UP1_CATTCACCTCTCCTCCGAAT,  downstream forward: _UP4_TAAAACGCTCCAGCGAAAGC"
"61","ywqJ","toxin","toxin","Unknown","Unknown","Unknown",NA,NA,3821,"LXG toxin","unknown","LXG toxin","no","Newly identified sporulation proteins (based on transcription profiling) (400),Type 2 TA systems (410)","","","[AF|P96722]","[wiki|LXG domain] (aa 1-235) (according to UniProt)","",NA,"",NA,"","MGNA-A576 <i>(ywqJ::erm)</i>, available at the [https://shigen.nig.ac.jp/bsub/resource/strainGeneDisrupted/detail/576 NBRP B. subtilis, Japan], BKE36190 (<i>[[gene|2F9C623DDF9F93EFD46F024FDA3AF2A92FC9BF7A]]::erm  trpC2</i>) available at [http://bgsc.org/getdetail.php?bgscid=BKE36190 BGSC],  [Pubmed|28189581], upstream reverse: _UP1_ACTCATCGCACTGCCCTTTC,  downstream forward: _UP4_AATTATATACCGGAGGCTTT, BKK36190 (<i>[[gene|2F9C623DDF9F93EFD46F024FDA3AF2A92FC9BF7A]]::kan  trpC2</i>) available at [http://bgsc.org/getdetail.php?bgscid=BKK36190 BGSC],  [Pubmed|28189581], upstream reverse: _UP1_ACTCATCGCACTGCCCTTTC,  downstream forward: _UP4_AATTATATACCGGAGGCTTT"
