motif_id	sequence_name	start	stop	strand	score	p-value	q-value	genome
ParS_BSub		JN185608	43928	43943	+	-0.903846	1.55e-05	0.494	TGCTACAAGTGCAACC	JN185608
ParS_BSub		JN185608	59512	59527	-	-2.49038	2.67e-05	0.494	TGGTCAACCTGAAACG	JN185608
ParS_BSub		JN185608	46648	46663	-	-3.07692	3.47e-05	0.494	TTTCCCATCAGAAACA	JN185608
ParS_BSub		JN185608	27478	27493	-	-3.48077	4.04e-05	0.494	TGTTCCACGTGACCAT	JN185608
ParS_BSub		JN185608	34581	34596	-	-3.89423	4.68e-05	0.494	TCTTTGATGTGTAATT	JN185608
ParS_BSub		JN185608	18151	18166	-	-5.84615	8.14e-05	0.594	CGGTCGACGTGCACCA	JN185608
ParS_BSub		JN185608	19528	19543	-	-5.84615	8.14e-05	0.594	CGTACCACGTGGCAGA	JN185608
ParS_BSub		JN185608	56430	56445	-	-6.03846	9.03e-05	0.594	CGTGCCACGCCAAACC	JN185608
ParS_BSub		KP687431	33908	33923	-	7.07767	4.87e-06	0.289	TGTTCTATGTGTATCA	KP687431
ParS_BSub		KP687431	3109	3124	-	4.76699	7.64e-06	0.289	TGTTGCAGGTGAAATA	KP687431
ParS_BSub		KP687431	89382	89397	+	3.99029	9.56e-06	0.289	TGATTCAGGTGAATCA	KP687431
ParS_BSub		KP687431	134345	134360	+	3.54369	1.22e-05	0.289	TGTTACACGTCCAATA	KP687431
ParS_BSub		KP687431	1975	1990	-	3.39806	1.25e-05	0.289	CGGTACAGGTAAAACA	KP687431
ParS_BSub		KP687431	82033	82048	+	2.57282	1.69e-05	0.289	TGTTAAAAGTGAAAAA	KP687431
ParS_BSub		KP687431	990	1005	+	2.35922	1.93e-05	0.289	TTTTCTACGTGAAAAA	KP687431
ParS_BSub		KP687431	79141	79156	+	2.15534	2.08e-05	0.289	TCTTACACGTTAAATA	KP687431
ParS_BSub		KP687431	93374	93389	+	2	2.2e-05	0.289	TGTGCCATGACAAACA	KP687431
ParS_BSub		KP687431	74037	74052	+	1.58252	2.66e-05	0.299	TATTGAATGTGAAACA	KP687431
ParS_BSub		KP687431	48696	48711	+	1.00971	2.98e-05	0.299	TGTTACAGGTGTAGAA	KP687431
ParS_BSub		KP687431	90457	90472	+	0.980583	3.06e-05	0.299	TGTTCAATGTAGAACA	KP687431
ParS_BSub		KP687431	89008	89023	+	0.805825	3.29e-05	0.299	TGTGTCATTTGAATCA	KP687431
ParS_BSub		KP687431	59004	59019	-	0.592233	3.99e-05	0.314	TACTACATGTAAAACA	KP687431
ParS_BSub		KP687431	114133	114148	+	0.592233	3.99e-05	0.314	TGTTATATGTTAAACC	KP687431
ParS_BSub		KP687431	135158	135173	+	-0.349515	4.58e-05	0.328	AGTTTCATGTGTATCC	KP687431
ParS_BSub		KP687431	71626	71641	+	-0.398058	5.06e-05	0.328	TAATTCATTTGAAACA	KP687431
ParS_BSub		KP687431	11362	11377	-	-1.46602	6.08e-05	0.328	GGTTCCTCGTGAGACG	KP687431
ParS_BSub		KP687431	94956	94971	-	-1.96117	6.56e-05	0.328	TGTCTCATGTGTATTA	KP687431
ParS_BSub		KP687431	98472	98487	-	-1.97087	6.69e-05	0.328	TGTTCCATAAGTAATA	KP687431
ParS_BSub		KP687431	2593	2608	+	-2.17476	7.1e-05	0.328	TGTTAAATGTTTTACA	KP687431
ParS_BSub		KP687431	59658	59673	-	-2.17476	7.1e-05	0.328	TGTTACATTTCTACCA	KP687431
ParS_BSub		KP687431	34061	34076	+	-2.45631	7.28e-05	0.328	AGTTACAAGGGAATCA	KP687431
ParS_BSub		KP687431	57524	57539	-	-2.75728	7.55e-05	0.328	ATTTTCATGTGTAATA	KP687431
ParS_BSub		KP687431	39282	39297	-	-3.07767	7.83e-05	0.328	TGCTCCACTAGAAGCA	KP687431
ParS_BSub		KP687431	89035	89050	-	-3.09709	7.9e-05	0.328	TGTTACGCTAGCAACA	KP687431
ParS_BSub		KP687431	9319	9334	+	-3.16505	8.2e-05	0.328	TGTTTCTTTTTTAACA	KP687431
ParS_BSub		KP687431	9640	9655	-	-3.16505	8.2e-05	0.328	TGTTTTATGGTTAACA	KP687431
ParS_BSub		KP687431	64840	64855	-	-3.16505	8.2e-05	0.328	TGTTTCATCTCTTACA	KP687431
ParS_BSub		KP687431	12494	12509	+	-3.66019	9.1e-05	0.328	GGTTACAAGAGAAAAA	KP687431
ParS_BSub		KP687431	96670	96685	+	-3.66019	9.1e-05	0.328	ACTTACAGGAGAAACA	KP687431
ParS_BSub		KP687431	54359	54374	+	-3.86408	9.42e-05	0.328	TATTCCAGGAGATACA	KP687431
ParS_BSub		KP687431	47390	47405	+	-4.06796	9.81e-05	0.328	TTCTACAGGTGATACA	KP687431
ParS_BSub		KP687431	101367	101382	+	-4.06796	9.81e-05	0.328	TGTAAGTGGTGAAACA	KP687431
ParS_BSub		KP687431	83751	83766	+	-4.07767	9.99e-05	0.328	ATTTAACCGTGAAACA	KP687431
ParS_BSub		KP687431	110804	110819	+	-4.07767	9.99e-05	0.328	AGTTACACTTGAAATT	KP687431
ParS_BSub		MG065671	12145	12160	-	12.7407	4.25e-07	0.0168	TGTTAAACGTGCAACA	MG065671
ParS_BSub		MG065671	17077	17092	-	8.60185	3.67e-06	0.0727	CGTTTCATCTGGAACA	MG065671
ParS_BSub		MG065671	15154	15169	+	3.44444	1.28e-05	0.146	TGTTCGAATTGAAACA	MG065671
ParS_BSub		MG065671	41349	41364	-	3.23148	1.47e-05	0.146	CGTTAAAAGTGAAACT	MG065671
ParS_BSub		MG065671	15363	15378	-	0.0462963	4.7e-05	0.372	CTTTACACGCATAACA	MG065671
ParS_BSub		MG065671	10180	10195	-	-2.35185	6.28e-05	0.402	TGTGGCAAGTGAATCA	MG065671
ParS_BSub		MG065671	39125	39140	+	-3.35185	7.11e-05	0.402	TGTTACTGGAGAATCA	MG065671
